TEMA,SUBTEMA,VARIABLE,CLASE,Fuente,AnO,Valor
Tasa de ocupacion Hotelera,Tasa de ocupacion hotelera Bogota,Porcentaje,,"Asociacion Hotelera y Tuistica de Colombia- COTELCO, Sistema de Informacion Turistica- SIH",2010,61.10%
Tasa de ocupacion Airbnb,Tasa de ocupacion Airbnb Bogota,Porcentaje,,,2010,
Generacion de empleo turismo,Empleo Turismo Bogota,Total,,"Departamento Administrativo Nacional de Estadistica- DANE, Gran Encuesta Integrada de Hogares- GEIH. Corte marzo 2020",2010,222977
Generacion de empleo turismo,Sectores directos,Agencias de viaje,,"Departamento Administrativo Nacional de Estadistica- DANE, Gran Encuesta Integrada de Hogares- GEIH. Corte marzo 2020",2010,10367.5
Generacion de empleo turismo,Sectores directos,Alojamiento y hospedaje,,"Departamento Administrativo Nacional de Estadistica- DANE, Gran Encuesta Integrada de Hogares- GEIH. Corte marzo 2020",2010,10512.41667
Generacion de empleo turismo,Sectores conexos,Alimentos y bebidas,,"Departamento Administrativo Nacional de Estadistica- DANE, Gran Encuesta Integrada de Hogares- GEIH. Corte marzo 2020",2010,119400.0833
Generacion de empleo turismo,Sectores conexos,Esparcimiento,,"Departamento Administrativo Nacional de Estadistica- DANE, Gran Encuesta Integrada de Hogares- GEIH. Corte marzo 2020",2010,1106.333333
Generacion de empleo turismo,Sectores conexos,Transporte aereo,,"Departamento Administrativo Nacional de Estadistica- DANE, Gran Encuesta Integrada de Hogares- GEIH. Corte marzo 2020",2010,7996.75
Generacion de empleo turismo,Sectores conexos,Transporte terrestre,,"Departamento Administrativo Nacional de Estadistica- DANE, Gran Encuesta Integrada de Hogares- GEIH. Corte marzo 2020",2010,73593.91667
Generacion de empleo turismo,Participacion % ,Porcentaje,Empleo Turismo/ Turismo Bogota,"Departamento Administrativo Nacional de Estadistica- DANE, Gran Encuesta Integrada de Hogares- GEIH Corte marzo 2020",2010,6.10%
Conectividad directa internacional,Ciudades,Total,,"Aeronautica civil, Base de datos Trafico por Equipo. Corte marzo 2020",2010,31
Conectividad directa internacional,Aerolineas,Total,,"Aeronautica civil, Base de datos Trafico por Equipo. Corte marzo 2020",2010,28
Conectividad directa internacional,Vuelos,Promedio mensual,,"Aeronautica civil, Base de datos Trafico por Equipo. Corte marzo 2020",2010,2142
Conectividad directa internacional,Sillas,Promedio mensual,,"Aeronautica civil, Base de datos Trafico por Equipo. Corte marzo 2020",2010,270744
Conectividad directa internacional,Pasajeros,Total,,"Aeronautica civil, Base de datos Trafico por Equipo. Corte marzo 2020",2010,2464264
indice de Presion Turistica,indice,indice,indice,Observatorio de Turismo,2010,1.02
PIB,Participacion % ,Porcentaje,Subsector: Alojamiento y servicio de comida/ PIB Bogota,"Departamento Administrativo Nacional de Estadistica- DANE, Cuentas Nacionales",2010,
PIB,Participacion % ,Porcentaje,Sector: Comercio al por mayor y al por menor; reparacion de vehiculos automotores y motocicletas; Transporte y almacenamiento; Alojamiento y servicios de comida/ PIB Bogota,"Departamento Administrativo Nacional de Estadistica- DANE, Cuentas Nacionales",2010,18.20%
Tasa de ocupacion Hotelera,Tasa de ocupacion hotelera Bogota,Porcentaje,,"Asociacion Hotelera y Tuistica de Colombia- COTELCO, Sistema de Informacion Turistica- SIH",2011,62.80%
Tasa de ocupacion Airbnb,Tasa de ocupacion Airbnb Bogota,Porcentaje,,,2011,
Generacion de empleo turismo,Empleo Turismo Bogota,Total,,"Departamento Administrativo Nacional de Estadistica- DANE, Gran Encuesta Integrada de Hogares- GEIH. Corte marzo 2020",2011,247737.6667
Generacion de empleo turismo,Sectores directos,Agencias de viaje,,"Departamento Administrativo Nacional de Estadistica- DANE, Gran Encuesta Integrada de Hogares- GEIH. Corte marzo 2020",2011,9585.75
Generacion de empleo turismo,Sectores directos,Alojamiento y hospedaje,,"Departamento Administrativo Nacional de Estadistica- DANE, Gran Encuesta Integrada de Hogares- GEIH. Corte marzo 2020",2011,16662.41667
Generacion de empleo turismo,Sectores conexos,Alimentos y bebidas,,"Departamento Administrativo Nacional de Estadistica- DANE, Gran Encuesta Integrada de Hogares- GEIH. Corte marzo 2020",2011,134235.6667
Generacion de empleo turismo,Sectores conexos,Esparcimiento,,"Departamento Administrativo Nacional de Estadistica- DANE, Gran Encuesta Integrada de Hogares- GEIH. Corte marzo 2020",2011,1674.5
Generacion de empleo turismo,Sectores conexos,Transporte aereo,,"Departamento Administrativo Nacional de Estadistica- DANE, Gran Encuesta Integrada de Hogares- GEIH. Corte marzo 2020",2011,9181.666667
Generacion de empleo turismo,Sectores conexos,Transporte terrestre,,"Departamento Administrativo Nacional de Estadistica- DANE, Gran Encuesta Integrada de Hogares- GEIH. Corte marzo 2020",2011,76397.66667
Generacion de empleo turismo,Participacion % ,Porcentaje,Empleo Turismo/ Turismo Bogota,"Departamento Administrativo Nacional de Estadistica- DANE, Gran Encuesta Integrada de Hogares- GEIH Corte marzo 2020",2011,6.40%
Conectividad directa internacional,Ciudades,Total,,"Aeronautica civil, Base de datos Trafico por Equipo. Corte marzo 2020",2011,34
Conectividad directa internacional,Aerolineas,Total,,"Aeronautica civil, Base de datos Trafico por Equipo. Corte marzo 2020",2011,29
Conectividad directa internacional,Vuelos,Promedio mensual,,"Aeronautica civil, Base de datos Trafico por Equipo. Corte marzo 2020",2011,2406
Conectividad directa internacional,Sillas,Promedio mensual,,"Aeronautica civil, Base de datos Trafico por Equipo. Corte marzo 2020",2011,308527
Conectividad directa internacional,Pasajeros,Total,,"Aeronautica civil, Base de datos Trafico por Equipo. Corte marzo 2020",2011,2891957
indice de Presion Turistica,indice,indice,indice,Observatorio de Turismo,2011,1.1
PIB,Participacion % ,Porcentaje,Subsector: Alojamiento y servicio de comida/ PIB Bogota,"Departamento Administrativo Nacional de Estadistica- DANE, Cuentas Nacionales",2011,
PIB,Participacion % ,Porcentaje,Sector: Comercio al por mayor y al por menor; reparacion de vehiculos automotores y motocicletas; Transporte y almacenamiento; Alojamiento y servicios de comida/ PIB Bogota,"Departamento Administrativo Nacional de Estadistica- DANE, Cuentas Nacionales",2011,18.70%
Informacion Destacada del turismo internacional,Mundo Entero,Llegadas de Turistas Internacionales,Millones de Personas,International Tourism Highlights (2012-2019),2011,983
Informacion Destacada del turismo internacional,Mundo Entero,Exportaciones Totales de Turismo Internacional,(ingresos + transporte de pasajeros) Trillones de Dolares ,International Tourism Highlights (2012-2019),2011,1.2
Informacion Destacada del turismo internacional,Mundo Entero,Transporte Internacional de Pasajeros,Millones de Personas,International Tourism Highlights (2012-2019),2011,196
Informacion Destacada del turismo internacional,Mundo Entero,Ingresos por turismo internacional,Billones de Dolares ,International Tourism Highlights (2012-2019),2011,1042
Informacion Destacada del turismo internacional,Europa,Llegadas de Turistas Internacionales,Millones de Personas,International Tourism Highlights (2012-2019),2011,504
Informacion Destacada del turismo internacional,Americas,Llegadas de Turistas Internacionales,Millones de Personas,International Tourism Highlights (2012-2019),2011,156.6
Informacion Destacada del turismo internacional,Asia y el Pacifico,Llegadas de Turistas Internacionales,Millones de Personas,International Tourism Highlights (2012-2019),2011,217
Informacion Destacada del turismo internacional,Africa,Llegadas de Turistas Internacionales,Millones de Personas,International Tourism Highlights (2012-2019),2011,50.2
Informacion Destacada del turismo internacional,Medio Oriente,Llegadas de Turistas Internacionales,Millones de Personas,International Tourism Highlights (2012-2019),2011,55.4
Informacion Destacada del turismo internacional,Mundo Entero,Proposito del Viaje,"Ocio,recreacion,vacaciones",International Tourism Highlights (2012-2019),2011,51.00%
Informacion Destacada del turismo internacional,Mundo Entero,Proposito del Viaje,"VFR, salud,religion, otro",International Tourism Highlights (2012-2019),2011,27.00%
Informacion Destacada del turismo internacional,Mundo Entero,Proposito del Viaje,Negocios y profesional,International Tourism Highlights (2012-2019),2011,15.00%
Informacion Destacada del turismo internacional,Mundo Entero,Proposito del Viaje,No especificado,International Tourism Highlights (2012-2019),2011,7.00%
Informacion Destacada del turismo internacional,Mundo Entero,Medio de Transporte,Aire,International Tourism Highlights (2012-2019),2011,51.00%
Informacion Destacada del turismo internacional,Mundo Entero,Medio de Transporte,Terrestre y tren,International Tourism Highlights (2012-2019),2011,43.00%
Informacion Destacada del turismo internacional,Mundo Entero,Medio de Transporte,Agua,International Tourism Highlights (2012-2019),2011,6.00%
Tasa de ocupacion Hotelera,Tasa de ocupacion hotelera Bogota,Porcentaje,,"Asociacion Hotelera y Tuistica de Colombia- COTELCO, Sistema de Informacion Turistica- SIH",2012,58.60%
Tasa de ocupacion Airbnb,Tasa de ocupacion Airbnb Bogota,Porcentaje,,,2012,
Generacion de empleo turismo,Empleo Turismo Bogota,Total,,"Departamento Administrativo Nacional de Estadistica- DANE, Gran Encuesta Integrada de Hogares- GEIH. Corte marzo 2020",2012,278016.5
Generacion de empleo turismo,Sectores directos,Agencias de viaje,,"Departamento Administrativo Nacional de Estadistica- DANE, Gran Encuesta Integrada de Hogares- GEIH. Corte marzo 2020",2012,10296.91667
Generacion de empleo turismo,Sectores directos,Alojamiento y hospedaje,,"Departamento Administrativo Nacional de Estadistica- DANE, Gran Encuesta Integrada de Hogares- GEIH. Corte marzo 2020",2012,13584.66667
Generacion de empleo turismo,Sectores conexos,Alimentos y bebidas,,"Departamento Administrativo Nacional de Estadistica- DANE, Gran Encuesta Integrada de Hogares- GEIH. Corte marzo 2020",2012,152179
Generacion de empleo turismo,Sectores conexos,Esparcimiento,,"Departamento Administrativo Nacional de Estadistica- DANE, Gran Encuesta Integrada de Hogares- GEIH. Corte marzo 2020",2012,1994.909091
Generacion de empleo turismo,Sectores conexos,Transporte aereo,,"Departamento Administrativo Nacional de Estadistica- DANE, Gran Encuesta Integrada de Hogares- GEIH. Corte marzo 2020",2012,11046.66667
Generacion de empleo turismo,Sectores conexos,Transporte terrestre,,"Departamento Administrativo Nacional de Estadistica- DANE, Gran Encuesta Integrada de Hogares- GEIH. Corte marzo 2020",2012,89080.58333
Generacion de empleo turismo,Participacion % ,Porcentaje,Empleo Turismo/ Turismo Bogota,"Departamento Administrativo Nacional de Estadistica- DANE, Gran Encuesta Integrada de Hogares- GEIH Corte marzo 2020",2012,7.00%
Conectividad directa internacional,Ciudades,Total,,"Aeronautica civil, Base de datos Trafico por Equipo. Corte marzo 2020",2012,33
Conectividad directa internacional,Aerolineas,Total,,"Aeronautica civil, Base de datos Trafico por Equipo. Corte marzo 2020",2012,27
Conectividad directa internacional,Vuelos,Promedio mensual,,"Aeronautica civil, Base de datos Trafico por Equipo. Corte marzo 2020",2012,2625
Conectividad directa internacional,Sillas,Promedio mensual,,"Aeronautica civil, Base de datos Trafico por Equipo. Corte marzo 2020",2012,354515
Conectividad directa internacional,Pasajeros,Total,,"Aeronautica civil, Base de datos Trafico por Equipo. Corte marzo 2020",2012,3303187
indice de Presion Turistica,indice,indice,indice,Observatorio de Turismo,2012,1.11
PIB,Participacion % ,Porcentaje,Subsector: Alojamiento y servicio de comida/ PIB Bogota,"Departamento Administrativo Nacional de Estadistica- DANE, Cuentas Nacionales",2012,
PIB,Participacion % ,Porcentaje,Sector: Comercio al por mayor y al por menor; reparacion de vehiculos automotores y motocicletas; Transporte y almacenamiento; Alojamiento y servicios de comida/ PIB Bogota,"Departamento Administrativo Nacional de Estadistica- DANE, Cuentas Nacionales",2012,19.10%
Informacion Destacada del turismo internacional,Mundo Entero,Llegadas de Turistas Internacionales,Millones de Personas,International Tourism Highlights (2012-2019),2012,1035
Informacion Destacada del turismo internacional,Mundo Entero,Exportaciones Totales de Turismo Internacional,(ingresos + transporte de pasajeros) Trillones de Dolares ,International Tourism Highlights (2012-2019),2012,1.3
Informacion Destacada del turismo internacional,Mundo Entero,Transporte Internacional de Pasajeros,Millones de Personas,International Tourism Highlights (2012-2019),2012,213
Informacion Destacada del turismo internacional,Mundo Entero,Ingresos por turismo internacional,Billones de Dolares ,International Tourism Highlights (2012-2019),2012,1075
Informacion Destacada del turismo internacional,Europa,Llegadas de Turistas Internacionales,Millones de Personas,International Tourism Highlights (2012-2019),2012,534
Informacion Destacada del turismo internacional,Americas,Llegadas de Turistas Internacionales,Millones de Personas,International Tourism Highlights (2012-2019),2012,163
Informacion Destacada del turismo internacional,Asia y el Pacifico,Llegadas de Turistas Internacionales,Millones de Personas,International Tourism Highlights (2012-2019),2012,234
Informacion Destacada del turismo internacional,Africa,Llegadas de Turistas Internacionales,Millones de Personas,International Tourism Highlights (2012-2019),2012,52
Informacion Destacada del turismo internacional,Medio Oriente,Llegadas de Turistas Internacionales,Millones de Personas,International Tourism Highlights (2012-2019),2012,52
Informacion Destacada del turismo internacional,Europa,Exportaciones Totales de Turismo Internacional,(ingresos + transporte de pasajeros) Billones de Dolares ,International Tourism Highlights (2012-2019),2012,458
Informacion Destacada del turismo internacional,Americas,Exportaciones Totales de Turismo Internacional,(ingresos + transporte de pasajeros) Billones de Dolares ,International Tourism Highlights (2012-2019),2012,213
Informacion Destacada del turismo internacional,Asia y el Pacifico,Exportaciones Totales de Turismo Internacional,(ingresos + transporte de pasajeros) Billones de Dolares ,International Tourism Highlights (2012-2019),2012,324
Informacion Destacada del turismo internacional,Africa,Exportaciones Totales de Turismo Internacional,(ingresos + transporte de pasajeros) Billones de Dolares ,International Tourism Highlights (2012-2019),2012,34
Informacion Destacada del turismo internacional,Medio Oriente,Exportaciones Totales de Turismo Internacional,(ingresos + transporte de pasajeros) Billones de Dolares ,International Tourism Highlights (2012-2019),2012,47
Informacion Destacada del turismo internacional,Mundo Entero,Proposito del Viaje,"Ocio,recreacion,vacaciones",International Tourism Highlights (2012-2019),2012,52.00%
Informacion Destacada del turismo internacional,Mundo Entero,Proposito del Viaje,"VFR, salud,religion, otro",International Tourism Highlights (2012-2019),2012,27.00%
Informacion Destacada del turismo internacional,Mundo Entero,Proposito del Viaje,Negocios y profesional,International Tourism Highlights (2012-2019),2012,14.00%
Informacion Destacada del turismo internacional,Mundo Entero,Proposito del Viaje,No especificado,International Tourism Highlights (2012-2019),2012,7.00%
Informacion Destacada del turismo internacional,Mundo Entero,Medio de Transporte,Aire,International Tourism Highlights (2012-2019),2012,52.00%
Informacion Destacada del turismo internacional,Mundo Entero,Medio de Transporte,Terrestre y tren,International Tourism Highlights (2012-2019),2012,42.00%
Informacion Destacada del turismo internacional,Mundo Entero,Medio de Transporte,Agua,International Tourism Highlights (2012-2019),2012,6.00%
Tasa de ocupacion Hotelera,Tasa de ocupacion hotelera Bogota,Porcentaje,,"Asociacion Hotelera y Tuistica de Colombia- COTELCO, Sistema de Informacion Turistica- SIH",2013,58.20%
Tasa de ocupacion Airbnb,Tasa de ocupacion Airbnb Bogota,Porcentaje,,,2013,
Generacion de empleo turismo,Empleo Turismo Bogota,Total,,"Departamento Administrativo Nacional de Estadistica- DANE, Gran Encuesta Integrada de Hogares- GEIH. Corte marzo 2020",2013,257523.5833
Generacion de empleo turismo,Sectores directos,Agencias de viaje,,"Departamento Administrativo Nacional de Estadistica- DANE, Gran Encuesta Integrada de Hogares- GEIH. Corte marzo 2020",2013,13819
Generacion de empleo turismo,Sectores directos,Alojamiento y hospedaje,,"Departamento Administrativo Nacional de Estadistica- DANE, Gran Encuesta Integrada de Hogares- GEIH. Corte marzo 2020",2013,12673.16667
Generacion de empleo turismo,Sectores conexos,Alimentos y bebidas,,"Departamento Administrativo Nacional de Estadistica- DANE, Gran Encuesta Integrada de Hogares- GEIH. Corte marzo 2020",2013,144324
Generacion de empleo turismo,Sectores conexos,Esparcimiento,,"Departamento Administrativo Nacional de Estadistica- DANE, Gran Encuesta Integrada de Hogares- GEIH. Corte marzo 2020",2013,784.4166667
Generacion de empleo turismo,Sectores conexos,Transporte aereo,,"Departamento Administrativo Nacional de Estadistica- DANE, Gran Encuesta Integrada de Hogares- GEIH. Corte marzo 2020",2013,9093.083333
Generacion de empleo turismo,Sectores conexos,Transporte terrestre,,"Departamento Administrativo Nacional de Estadistica- DANE, Gran Encuesta Integrada de Hogares- GEIH. Corte marzo 2020",2013,76829.91667
Generacion de empleo turismo,Participacion % ,Porcentaje,Empleo Turismo/ Turismo Bogota,"Departamento Administrativo Nacional de Estadistica- DANE, Gran Encuesta Integrada de Hogares- GEIH Corte marzo 2020",2013,6.30%
Conectividad directa internacional,Ciudades,Total,,"Aeronautica civil, Base de datos Trafico por Equipo. Corte marzo 2020",2013,36
Conectividad directa internacional,Aerolineas,Total,,"Aeronautica civil, Base de datos Trafico por Equipo. Corte marzo 2020",2013,25
Conectividad directa internacional,Vuelos,Promedio mensual,,"Aeronautica civil, Base de datos Trafico por Equipo. Corte marzo 2020",2013,2895
Conectividad directa internacional,Sillas,Promedio mensual,,"Aeronautica civil, Base de datos Trafico por Equipo. Corte marzo 2020",2013,398436
Conectividad directa internacional,Pasajeros,Total,,"Aeronautica civil, Base de datos Trafico por Equipo. Corte marzo 2020",2013,3748281
indice de Presion Turistica,indice,indice,indice,Observatorio de Turismo,2013,1.04
PIB,Participacion % ,Porcentaje,Subsector: Alojamiento y servicio de comida/ PIB Bogota,"Departamento Administrativo Nacional de Estadistica- DANE, Cuentas Nacionales",2013,
PIB,Participacion % ,Porcentaje,Sector: Comercio al por mayor y al por menor; reparacion de vehiculos automotores y motocicletas; Transporte y almacenamiento; Alojamiento y servicios de comida/ PIB Bogota,"Departamento Administrativo Nacional de Estadistica- DANE, Cuentas Nacionales",2013,19.40%
Informacion Destacada del turismo internacional,Mundo Entero,Llegadas de Turistas Internacionales,Millones de Personas,International Tourism Highlights (2012-2019),2013,1087
Informacion Destacada del turismo internacional,Mundo Entero,Exportaciones Totales de Turismo Internacional,(ingresos + transporte de pasajeros) Trillones de Dolares ,International Tourism Highlights (2012-2019),2013,1.4
Informacion Destacada del turismo internacional,Mundo Entero,Transporte Internacional de Pasajeros,Millones de Personas,International Tourism Highlights (2012-2019),2013,218
Informacion Destacada del turismo internacional,Mundo Entero,Ingresos por turismo internacional,Billones de Dolares ,International Tourism Highlights (2012-2019),2013,1159
Informacion Destacada del turismo internacional,Europa,Llegadas de Turistas Internacionales,Millones de Personas,International Tourism Highlights (2012-2019),2013,563
Informacion Destacada del turismo internacional,Americas,Llegadas de Turistas Internacionales,Millones de Personas,International Tourism Highlights (2012-2019),2013,168
Informacion Destacada del turismo internacional,Asia y el Pacifico,Llegadas de Turistas Internacionales,Millones de Personas,International Tourism Highlights (2012-2019),2013,248
Informacion Destacada del turismo internacional,Africa,Llegadas de Turistas Internacionales,Millones de Personas,International Tourism Highlights (2012-2019),2013,56
Informacion Destacada del turismo internacional,Medio Oriente,Llegadas de Turistas Internacionales,Millones de Personas,International Tourism Highlights (2012-2019),2013,52
Informacion Destacada del turismo internacional,Europa,Exportaciones Totales de Turismo Internacional,(ingresos + transporte de pasajeros) Billones de Dolares ,International Tourism Highlights (2012-2019),2013,489
Informacion Destacada del turismo internacional,Americas,Exportaciones Totales de Turismo Internacional,(ingresos + transporte de pasajeros) Billones de Dolares ,International Tourism Highlights (2012-2019),2013,229
Informacion Destacada del turismo internacional,Asia y el Pacifico,Exportaciones Totales de Turismo Internacional,(ingresos + transporte de pasajeros) Billones de Dolares ,International Tourism Highlights (2012-2019),2013,359
Informacion Destacada del turismo internacional,Africa,Exportaciones Totales de Turismo Internacional,(ingresos + transporte de pasajeros) Billones de Dolares ,International Tourism Highlights (2012-2019),2013,34
Informacion Destacada del turismo internacional,Medio Oriente,Exportaciones Totales de Turismo Internacional,(ingresos + transporte de pasajeros) Billones de Dolares ,International Tourism Highlights (2012-2019),2013,47
Informacion Destacada del turismo internacional,Mundo Entero,Proposito del Viaje,"Ocio,recreacion,vacaciones",International Tourism Highlights (2012-2019),2013,52.00%
Informacion Destacada del turismo internacional,Mundo Entero,Proposito del Viaje,"VFR, salud,religion, otro",International Tourism Highlights (2012-2019),2013,27.00%
Informacion Destacada del turismo internacional,Mundo Entero,Proposito del Viaje,Negocios y profesional,International Tourism Highlights (2012-2019),2013,14.00%
Informacion Destacada del turismo internacional,Mundo Entero,Proposito del Viaje,No especificado,International Tourism Highlights (2012-2019),2013,7.00%
Informacion Destacada del turismo internacional,Mundo Entero,Medio de Transporte,Aire,International Tourism Highlights (2012-2019),2013,53.00%
Informacion Destacada del turismo internacional,Mundo Entero,Medio de Transporte,Terrestre y tren,International Tourism Highlights (2012-2019),2013,42.00%
Informacion Destacada del turismo internacional,Mundo Entero,Medio de Transporte,Agua,International Tourism Highlights (2012-2019),2013,5.00%
Tasa de ocupacion Hotelera,Tasa de ocupacion hotelera Bogota,Porcentaje,,"Asociacion Hotelera y Tuistica de Colombia- COTELCO, Sistema de Informacion Turistica- SIH",2014,58.80%
Tasa de ocupacion Airbnb,Tasa de ocupacion Airbnb Bogota,Porcentaje,,,2014,
Generacion de empleo turismo,Empleo Turismo Bogota,Total,,"Departamento Administrativo Nacional de Estadistica- DANE, Gran Encuesta Integrada de Hogares- GEIH. Corte marzo 2020",2014,268369.3333
Generacion de empleo turismo,Sectores directos,Agencias de viaje,,"Departamento Administrativo Nacional de Estadistica- DANE, Gran Encuesta Integrada de Hogares- GEIH. Corte marzo 2020",2014,8926.166667
Generacion de empleo turismo,Sectores directos,Alojamiento y hospedaje,,"Departamento Administrativo Nacional de Estadistica- DANE, Gran Encuesta Integrada de Hogares- GEIH. Corte marzo 2020",2014,13287.75
Generacion de empleo turismo,Sectores conexos,Alimentos y bebidas,,"Departamento Administrativo Nacional de Estadistica- DANE, Gran Encuesta Integrada de Hogares- GEIH. Corte marzo 2020",2014,149753.0833
Generacion de empleo turismo,Sectores conexos,Esparcimiento,,"Departamento Administrativo Nacional de Estadistica- DANE, Gran Encuesta Integrada de Hogares- GEIH. Corte marzo 2020",2014,1425.333333
Generacion de empleo turismo,Sectores conexos,Transporte aereo,,"Departamento Administrativo Nacional de Estadistica- DANE, Gran Encuesta Integrada de Hogares- GEIH. Corte marzo 2020",2014,10674.08333
Generacion de empleo turismo,Sectores conexos,Transporte terrestre,,"Departamento Administrativo Nacional de Estadistica- DANE, Gran Encuesta Integrada de Hogares- GEIH. Corte marzo 2020",2014,84302.91667
Generacion de empleo turismo,Participacion % ,Porcentaje,Empleo Turismo/ Turismo Bogota,"Departamento Administrativo Nacional de Estadistica- DANE, Gran Encuesta Integrada de Hogares- GEIH Corte marzo 2020",2014,6.40%
Conectividad directa internacional,Ciudades,Total,,"Aeronautica civil, Base de datos Trafico por Equipo. Corte marzo 2020",2014,39
Conectividad directa internacional,Aerolineas,Total,,"Aeronautica civil, Base de datos Trafico por Equipo. Corte marzo 2020",2014,28
Conectividad directa internacional,Vuelos,Promedio mensual,,"Aeronautica civil, Base de datos Trafico por Equipo. Corte marzo 2020",2014,3058
Conectividad directa internacional,Sillas,Promedio mensual,,"Aeronautica civil, Base de datos Trafico por Equipo. Corte marzo 2020",2014,426588
Conectividad directa internacional,Pasajeros,Total,,"Aeronautica civil, Base de datos Trafico por Equipo. Corte marzo 2020",2014,4137399
indice de Presion Turistica,indice,indice,indice,Observatorio de Turismo,2014,1.18
PIB,Participacion % ,Porcentaje,Subsector: Alojamiento y servicio de comida/ PIB Bogota,"Departamento Administrativo Nacional de Estadistica- DANE, Cuentas Nacionales",2014,2.80%
PIB,Participacion % ,Porcentaje,Sector: Comercio al por mayor y al por menor; reparacion de vehiculos automotores y motocicletas; Transporte y almacenamiento; Alojamiento y servicios de comida/ PIB Bogota,"Departamento Administrativo Nacional de Estadistica- DANE, Cuentas Nacionales",2014,19.40%
Informacion Destacada del turismo internacional,Mundo Entero,Llegadas de Turistas Internacionales,Millones de Personas,International Tourism Highlights (2012-2019),2014,1133
Informacion Destacada del turismo internacional,Mundo Entero,Exportaciones Totales de Turismo Internacional,(ingresos + transporte de pasajeros) Trillones de Dolares ,International Tourism Highlights (2012-2019),2014,1.5
Informacion Destacada del turismo internacional,Mundo Entero,Transporte Internacional de Pasajeros,Millones de Personas,International Tourism Highlights (2012-2019),2014,221
Informacion Destacada del turismo internacional,Mundo Entero,Ingresos por turismo internacional,Billones de Dolares ,International Tourism Highlights (2012-2019),2014,1245
Informacion Destacada del turismo internacional,Europa,Llegadas de Turistas Internacionales,Millones de Personas,International Tourism Highlights (2012-2019),2014,582
Informacion Destacada del turismo internacional,Americas,Llegadas de Turistas Internacionales,Millones de Personas,International Tourism Highlights (2012-2019),2014,181
Informacion Destacada del turismo internacional,Asia y el Pacifico,Llegadas de Turistas Internacionales,Millones de Personas,International Tourism Highlights (2012-2019),2014,263
Informacion Destacada del turismo internacional,Africa,Llegadas de Turistas Internacionales,Millones de Personas,International Tourism Highlights (2012-2019),2014,56
Informacion Destacada del turismo internacional,Medio Oriente,Llegadas de Turistas Internacionales,Millones de Personas,International Tourism Highlights (2012-2019),2014,51
Informacion Destacada del turismo internacional,Europa,Exportaciones Totales de Turismo Internacional,(ingresos + transporte de pasajeros) Billones de Dolares ,International Tourism Highlights (2012-2019),2014,509
Informacion Destacada del turismo internacional,Americas,Exportaciones Totales de Turismo Internacional,(ingresos + transporte de pasajeros) Billones de Dolares ,International Tourism Highlights (2012-2019),2014,274
Informacion Destacada del turismo internacional,Asia y el Pacifico,Exportaciones Totales de Turismo Internacional,(ingresos + transporte de pasajeros) Billones de Dolares ,International Tourism Highlights (2012-2019),2014,377
Informacion Destacada del turismo internacional,Africa,Exportaciones Totales de Turismo Internacional,(ingresos + transporte de pasajeros) Billones de Dolares ,International Tourism Highlights (2012-2019),2014,36
Informacion Destacada del turismo internacional,Medio Oriente,Exportaciones Totales de Turismo Internacional,(ingresos + transporte de pasajeros) Billones de Dolares ,International Tourism Highlights (2012-2019),2014,49
Informacion Destacada del turismo internacional,Mundo Entero,Proposito del Viaje,"Ocio,recreacion,vacaciones",International Tourism Highlights (2012-2019),2014,53.00%
Informacion Destacada del turismo internacional,Mundo Entero,Proposito del Viaje,"VFR, salud,religion, otro",International Tourism Highlights (2012-2019),2014,27.00%
Informacion Destacada del turismo internacional,Mundo Entero,Proposito del Viaje,Negocios y profesional,International Tourism Highlights (2012-2019),2014,14.00%
Informacion Destacada del turismo internacional,Mundo Entero,Proposito del Viaje,No especificado,International Tourism Highlights (2012-2019),2014,6.00%
Informacion Destacada del turismo internacional,Mundo Entero,Medio de Transporte,Aire,International Tourism Highlights (2012-2019),2014,54.00%
Informacion Destacada del turismo internacional,Mundo Entero,Medio de Transporte,Terrestre y tren,International Tourism Highlights (2012-2019),2014,41.00%
Informacion Destacada del turismo internacional,Mundo Entero,Medio de Transporte,Agua,International Tourism Highlights (2012-2019),2014,5.00%
Prestadores de Servicios Turisticos - PST,Agencia de viajes,Total,,"Camara de Comercio de Bogota- CCB y Ministerio de Comercio, Industria y Turismo- MinCIT",2015,1484
Prestadores de Servicios Turisticos - PST,Arrendadores de vehiculos para turismo nacional e internacional,Total,,"Camara de Comercio de Bogota- CCB y Ministerio de Comercio, Industria y Turismo- MinCIT",2015,39
Prestadores de Servicios Turisticos - PST,Concesionarios de servicios turisticos en parque,Total,,"Camara de Comercio de Bogota- CCB y Ministerio de Comercio, Industria y Turismo- MinCIT",2015,
Prestadores de Servicios Turisticos - PST,Empresa de tiempo compartido y multipropiedad,Total,,"Camara de Comercio de Bogota- CCB y Ministerio de Comercio, Industria y Turismo- MinCIT",2015,18
Prestadores de Servicios Turisticos - PST,Empresa de transporte terrestre automotor,Total,,"Camara de Comercio de Bogota- CCB y Ministerio de Comercio, Industria y Turismo- MinCIT",2015,76
Prestadores de Servicios Turisticos - PST,Empresas captadoras de ahorro para viajes y de servicios turisticos,Total,,"Camara de Comercio de Bogota- CCB y Ministerio de Comercio, Industria y Turismo- MinCIT",2015,12
Prestadores de Servicios Turisticos - PST,Establecimiento de alojamiento y hospedaje,Total,,"Camara de Comercio de Bogota- CCB y Ministerio de Comercio, Industria y Turismo- MinCIT",2015,720
Prestadores de Servicios Turisticos - PST,Establecimiento de alojamiento y hospedaje,Habitaciones,,"Camara de Comercio de Bogota- CCB y Ministerio de Comercio, Industria y Turismo- MinCIT",2015,24620
Prestadores de Servicios Turisticos - PST,Establecimiento de alojamiento y hospedaje,Camas,,"Camara de Comercio de Bogota- CCB y Ministerio de Comercio, Industria y Turismo- MinCIT",2015,37666
Prestadores de Servicios Turisticos - PST,Hotel,Total,,"Camara de Comercio de Bogota- CCB y Ministerio de Comercio, Industria y Turismo- MinCIT",2015,546
Prestadores de Servicios Turisticos - PST,Hotel,Habitaciones,,"Camara de Comercio de Bogota- CCB y Ministerio de Comercio, Industria y Turismo- MinCIT",2015,21350
Prestadores de Servicios Turisticos - PST,Hotel,Camas,,"Camara de Comercio de Bogota- CCB y Ministerio de Comercio, Industria y Turismo- MinCIT",2015,31012
Prestadores de Servicios Turisticos - PST,Establecimiento de gastronomia y similares,Total,,"Camara de Comercio de Bogota- CCB y Ministerio de Comercio, Industria y Turismo- MinCIT",2015,440
Prestadores de Servicios Turisticos - PST,Guia de turismo,Total,,"Camara de Comercio de Bogota- CCB y Ministerio de Comercio, Industria y Turismo- MinCIT",2015,150
Prestadores de Servicios Turisticos - PST,Oficina de representacion turistica,Total,,"Camara de Comercio de Bogota- CCB y Ministerio de Comercio, Industria y Turismo- MinCIT",2015,134
Prestadores de Servicios Turisticos - PST,"Operadores profesionales de congresos, ferias y convenciones",Total,,"Camara de Comercio de Bogota- CCB y Ministerio de Comercio, Industria y Turismo- MinCIT",2015,178
Prestadores de Servicios Turisticos - PST,Parques tematicos,Total,,"Camara de Comercio de Bogota- CCB y Ministerio de Comercio, Industria y Turismo- MinCIT",2015,3
Prestadores de Servicios Turisticos - PST,"Usuarios operadores, desarrolladores e industriales en zonas francas turisticas",Total,,"Camara de Comercio de Bogota- CCB y Ministerio de Comercio, Industria y Turismo- MinCIT",2015,
Prestadores de Servicios Turisticos - PST,Intercambio vacacional,Total,,"Camara de Comercio de Bogota- CCB y Ministerio de Comercio, Industria y Turismo- MinCIT",2015,
Airbnb & Homeaway,Barrios Unidos,Promedio mensual de propiedades,,,2015,12.125
Airbnb & Homeaway,Bosa,Promedio mensual de propiedades,,,2015,1
Airbnb & Homeaway,Candelaria,Promedio mensual de propiedades,,,2015,37.125
Airbnb & Homeaway,Chapinero,Promedio mensual de propiedades,,,2015,232.5
Airbnb & Homeaway,Engativa,Promedio mensual de propiedades,,,2015,10.625
Airbnb & Homeaway,Fontibon,Promedio mensual de propiedades,,,2015,20.5
Airbnb & Homeaway,Kennedy,Promedio mensual de propiedades,,,2015,5.875
Airbnb & Homeaway,Los Martires,Promedio mensual de propiedades,,,2015,1.4
Airbnb & Homeaway,Puente Aranda,Promedio mensual de propiedades,,,2015,1.75
Airbnb & Homeaway,Rafael Uribe Uribe,Promedio mensual de propiedades,,,2015,1
Airbnb & Homeaway,San Cristobal,Promedio mensual de propiedades,,,2015,1
Airbnb & Homeaway,Santa Fe,Promedio mensual de propiedades,,,2015,60.875
Airbnb & Homeaway,Suba,Promedio mensual de propiedades,,,2015,48.125
Airbnb & Homeaway,Teusaquillo,Promedio mensual de propiedades,,,2015,43.375
Airbnb & Homeaway,Usaquen,Promedio mensual de propiedades,,,2015,93.5
Airbnb & Homeaway,Usme,Promedio mensual de propiedades,,,2015,1
Tasa de ocupacion Hotelera,Tasa de ocupacion hotelera Bogota,Porcentaje,,"Asociacion Hotelera y Tuistica de Colombia- COTELCO, Sistema de Informacion Turistica- SIH",2015,57.40%
Tasa de ocupacion Airbnb,Tasa de ocupacion Airbnb Bogota,Porcentaje,,,2015,41.20%
Generacion de empleo turismo,Empleo Turismo Bogota,Total,,"Departamento Administrativo Nacional de Estadistica- DANE, Gran Encuesta Integrada de Hogares- GEIH. Corte marzo 2020",2015,277004.6667
Generacion de empleo turismo,Sectores directos,Agencias de viaje,,"Departamento Administrativo Nacional de Estadistica- DANE, Gran Encuesta Integrada de Hogares- GEIH. Corte marzo 2020",2015,10899.83333
Generacion de empleo turismo,Sectores directos,Alojamiento y hospedaje,,"Departamento Administrativo Nacional de Estadistica- DANE, Gran Encuesta Integrada de Hogares- GEIH. Corte marzo 2020",2015,17110.66667
Generacion de empleo turismo,Sectores conexos,Alimentos y bebidas,,"Departamento Administrativo Nacional de Estadistica- DANE, Gran Encuesta Integrada de Hogares- GEIH. Corte marzo 2020",2015,160791.8333
Generacion de empleo turismo,Sectores conexos,Esparcimiento,,"Departamento Administrativo Nacional de Estadistica- DANE, Gran Encuesta Integrada de Hogares- GEIH. Corte marzo 2020",2015,2434.583333
Generacion de empleo turismo,Sectores conexos,Transporte aereo,,"Departamento Administrativo Nacional de Estadistica- DANE, Gran Encuesta Integrada de Hogares- GEIH. Corte marzo 2020",2015,10120.58333
Generacion de empleo turismo,Sectores conexos,Transporte terrestre,,"Departamento Administrativo Nacional de Estadistica- DANE, Gran Encuesta Integrada de Hogares- GEIH. Corte marzo 2020",2015,75647.16667
Generacion de empleo turismo,Participacion % ,Porcentaje,Empleo Turismo/ Turismo Bogota,"Departamento Administrativo Nacional de Estadistica- DANE, Gran Encuesta Integrada de Hogares- GEIH Corte marzo 2020",2015,6.60%
Conectividad directa internacional,Ciudades,Total,,"Aeronautica civil, Base de datos Trafico por Equipo. Corte marzo 2020",2015,43
Conectividad directa internacional,Aerolineas,Total,,"Aeronautica civil, Base de datos Trafico por Equipo. Corte marzo 2020",2015,30
Conectividad directa internacional,Vuelos,Promedio mensual,,"Aeronautica civil, Base de datos Trafico por Equipo. Corte marzo 2020",2015,3305
Conectividad directa internacional,Sillas,Promedio mensual,,"Aeronautica civil, Base de datos Trafico por Equipo. Corte marzo 2020",2015,477287
Conectividad directa internacional,Pasajeros,Total,,"Aeronautica civil, Base de datos Trafico por Equipo. Corte marzo 2020",2015,4572010
indice de Presion Turistica,indice,indice,indice,Observatorio de Turismo,2015,1.04
PIB,Participacion % ,Porcentaje,Subsector: Alojamiento y servicio de comida/ PIB Bogota,"Departamento Administrativo Nacional de Estadistica- DANE, Cuentas Nacionales",2015,2.80%
PIB,Participacion % ,Porcentaje,Sector: Comercio al por mayor y al por menor; reparacion de vehiculos automotores y motocicletas; Transporte y almacenamiento; Alojamiento y servicios de comida/ PIB Bogota,"Departamento Administrativo Nacional de Estadistica- DANE, Cuentas Nacionales",2015,19.30%
Informacion Destacada del turismo internacional,Mundo Entero,Llegadas de Turistas Internacionales,Millones de Personas,International Tourism Highlights (2012-2019),2015,1186
Informacion Destacada del turismo internacional,Mundo Entero,Exportaciones Totales de Turismo Internacional,(ingresos + transporte de pasajeros) Trillones de Dolares ,International Tourism Highlights (2012-2019),2015,1.5
Informacion Destacada del turismo internacional,Mundo Entero,Transporte Internacional de Pasajeros,Millones de Personas,International Tourism Highlights (2012-2019),2015,211
Informacion Destacada del turismo internacional,Mundo Entero,Ingresos por turismo internacional,Billones de Dolares ,International Tourism Highlights (2012-2019),2015,1260
Informacion Destacada del turismo internacional,Europa,Llegadas de Turistas Internacionales,Millones de Personas,International Tourism Highlights (2012-2019),2015,608
Informacion Destacada del turismo internacional,Americas,Llegadas de Turistas Internacionales,Millones de Personas,International Tourism Highlights (2012-2019),2015,193
Informacion Destacada del turismo internacional,Asia y el Pacifico,Llegadas de Turistas Internacionales,Millones de Personas,International Tourism Highlights (2012-2019),2015,279
Informacion Destacada del turismo internacional,Africa,Llegadas de Turistas Internacionales,Millones de Personas,International Tourism Highlights (2012-2019),2015,53
Informacion Destacada del turismo internacional,Medio Oriente,Llegadas de Turistas Internacionales,Millones de Personas,International Tourism Highlights (2012-2019),2015,53
Informacion Destacada del turismo internacional,Europa,Exportaciones Totales de Turismo Internacional,(ingresos + transporte de pasajeros) Billones de Dolares ,International Tourism Highlights (2012-2019),2015,451
Informacion Destacada del turismo internacional,Americas,Exportaciones Totales de Turismo Internacional,(ingresos + transporte de pasajeros) Billones de Dolares ,International Tourism Highlights (2012-2019),2015,304
Informacion Destacada del turismo internacional,Asia y el Pacifico,Exportaciones Totales de Turismo Internacional,(ingresos + transporte de pasajeros) Billones de Dolares ,International Tourism Highlights (2012-2019),2015,418
Informacion Destacada del turismo internacional,Africa,Exportaciones Totales de Turismo Internacional,(ingresos + transporte de pasajeros) Billones de Dolares ,International Tourism Highlights (2012-2019),2015,33
Informacion Destacada del turismo internacional,Medio Oriente,Exportaciones Totales de Turismo Internacional,(ingresos + transporte de pasajeros) Billones de Dolares ,International Tourism Highlights (2012-2019),2015,54
Informacion Destacada del turismo internacional,Mundo Entero,Proposito del Viaje,"Ocio,recreacion,vacaciones",International Tourism Highlights (2012-2019),2015,53.00%
Informacion Destacada del turismo internacional,Mundo Entero,Proposito del Viaje,"VFR, salud,religion, otro",International Tourism Highlights (2012-2019),2015,27.00%
Informacion Destacada del turismo internacional,Mundo Entero,Proposito del Viaje,Negocios y profesional,International Tourism Highlights (2012-2019),2015,14.00%
Informacion Destacada del turismo internacional,Mundo Entero,Proposito del Viaje,No especificado,International Tourism Highlights (2012-2019),2015,6.00%
Informacion Destacada del turismo internacional,Mundo Entero,Medio de Transporte,Aire,International Tourism Highlights (2012-2019),2015,54.00%
Informacion Destacada del turismo internacional,Mundo Entero,Medio de Transporte,Terrestre y tren,International Tourism Highlights (2012-2019),2015,41.00%
Informacion Destacada del turismo internacional,Mundo Entero,Medio de Transporte,Agua,International Tourism Highlights (2012-2019),2015,5.00%
Prestadores de Servicios Turisticos - PST,Agencia de viajes,Total,,"Camara de Comercio de Bogota- CCB y Ministerio de Comercio, Industria y Turismo- MinCIT",2016,1669
Prestadores de Servicios Turisticos - PST,Arrendadores de vehiculos para turismo nacional e internacional,Total,,"Camara de Comercio de Bogota- CCB y Ministerio de Comercio, Industria y Turismo- MinCIT",2016,40
Prestadores de Servicios Turisticos - PST,Concesionarios de servicios turisticos en parque,Total,,"Camara de Comercio de Bogota- CCB y Ministerio de Comercio, Industria y Turismo- MinCIT",2016,1
Prestadores de Servicios Turisticos - PST,Empresa de tiempo compartido y multipropiedad,Total,,"Camara de Comercio de Bogota- CCB y Ministerio de Comercio, Industria y Turismo- MinCIT",2016,18
Prestadores de Servicios Turisticos - PST,Empresa de transporte terrestre automotor,Total,,"Camara de Comercio de Bogota- CCB y Ministerio de Comercio, Industria y Turismo- MinCIT",2016,92
Prestadores de Servicios Turisticos - PST,Empresas captadoras de ahorro para viajes y de servicios turisticos,Total,,"Camara de Comercio de Bogota- CCB y Ministerio de Comercio, Industria y Turismo- MinCIT",2016,17
Prestadores de Servicios Turisticos - PST,Establecimiento de alojamiento y hospedaje,Total,,"Camara de Comercio de Bogota- CCB y Ministerio de Comercio, Industria y Turismo- MinCIT",2016,810
Prestadores de Servicios Turisticos - PST,Establecimiento de alojamiento y hospedaje,Habitaciones,,"Camara de Comercio de Bogota- CCB y Ministerio de Comercio, Industria y Turismo- MinCIT",2016,26121
Prestadores de Servicios Turisticos - PST,Establecimiento de alojamiento y hospedaje,Camas,,"Camara de Comercio de Bogota- CCB y Ministerio de Comercio, Industria y Turismo- MinCIT",2016,40232
Prestadores de Servicios Turisticos - PST,Hotel,Total,,"Camara de Comercio de Bogota- CCB y Ministerio de Comercio, Industria y Turismo- MinCIT",2016,599
Prestadores de Servicios Turisticos - PST,Hotel,Habitaciones,,"Camara de Comercio de Bogota- CCB y Ministerio de Comercio, Industria y Turismo- MinCIT",2016,22566
Prestadores de Servicios Turisticos - PST,Hotel,Camas,,"Camara de Comercio de Bogota- CCB y Ministerio de Comercio, Industria y Turismo- MinCIT",2016,33007
Prestadores de Servicios Turisticos - PST,Establecimiento de gastronomia y similares,Total,,"Camara de Comercio de Bogota- CCB y Ministerio de Comercio, Industria y Turismo- MinCIT",2016,497
Prestadores de Servicios Turisticos - PST,Guia de turismo,Total,,"Camara de Comercio de Bogota- CCB y Ministerio de Comercio, Industria y Turismo- MinCIT",2016,131
Prestadores de Servicios Turisticos - PST,Oficina de representacion turistica,Total,,"Camara de Comercio de Bogota- CCB y Ministerio de Comercio, Industria y Turismo- MinCIT",2016,161
Prestadores de Servicios Turisticos - PST,"Operadores profesionales de congresos, ferias y convenciones",Total,,"Camara de Comercio de Bogota- CCB y Ministerio de Comercio, Industria y Turismo- MinCIT",2016,216
Prestadores de Servicios Turisticos - PST,Parques tematicos,Total,,"Camara de Comercio de Bogota- CCB y Ministerio de Comercio, Industria y Turismo- MinCIT",2016,2
Prestadores de Servicios Turisticos - PST,"Usuarios operadores, desarrolladores e industriales en zonas francas turisticas",Total,,"Camara de Comercio de Bogota- CCB y Ministerio de Comercio, Industria y Turismo- MinCIT",2016,2
Prestadores de Servicios Turisticos - PST,Intercambio vacacional,Total,,"Camara de Comercio de Bogota- CCB y Ministerio de Comercio, Industria y Turismo- MinCIT",2016,
Airbnb & Homeaway,Barrios Unidos,Promedio mensual de propiedades,,,2016,43.5
Airbnb & Homeaway,Bosa,Promedio mensual de propiedades,,,2016,1.5
Airbnb & Homeaway,Candelaria,Promedio mensual de propiedades,,,2016,59
Airbnb & Homeaway,Chapinero,Promedio mensual de propiedades,,,2016,502
Airbnb & Homeaway,Engativa,Promedio mensual de propiedades,,,2016,25.58333333
Airbnb & Homeaway,Fontibon,Promedio mensual de propiedades,,,2016,60.16666667
Airbnb & Homeaway,Kennedy,Promedio mensual de propiedades,,,2016,15.91666667
Airbnb & Homeaway,Los Martires,Promedio mensual de propiedades,,,2016,2.4
Airbnb & Homeaway,Puente Aranda,Promedio mensual de propiedades,,,2016,5.416666667
Airbnb & Homeaway,Rafael Uribe Uribe,Promedio mensual de propiedades,,,2016,2
Airbnb & Homeaway,San Cristobal,Promedio mensual de propiedades,,,2016,2.666666667
Airbnb & Homeaway,Santa Fe,Promedio mensual de propiedades,,,2016,105.0833333
Airbnb & Homeaway,Suba,Promedio mensual de propiedades,,,2016,112.8333333
Airbnb & Homeaway,Teusaquillo,Promedio mensual de propiedades,,,2016,128.1666667
Airbnb & Homeaway,Usaquen,Promedio mensual de propiedades,,,2016,252.5
Airbnb & Homeaway,Usme,Promedio mensual de propiedades,,,2016,1
Tasa de ocupacion Hotelera,Tasa de ocupacion hotelera Bogota,Porcentaje,,"Asociacion Hotelera y Tuistica de Colombia- COTELCO, Sistema de Informacion Turistica- SIH",2016,55.50%
Tasa de ocupacion Airbnb,Tasa de ocupacion Airbnb Bogota,Porcentaje,,,2016,39.40%
Generacion de empleo turismo,Empleo Turismo Bogota,Total,,"Departamento Administrativo Nacional de Estadistica- DANE, Gran Encuesta Integrada de Hogares- GEIH. Corte marzo 2020",2016,269769.5833
Generacion de empleo turismo,Sectores directos,Agencias de viaje,,"Departamento Administrativo Nacional de Estadistica- DANE, Gran Encuesta Integrada de Hogares- GEIH. Corte marzo 2020",2016,13589.58333
Generacion de empleo turismo,Sectores directos,Alojamiento y hospedaje,,"Departamento Administrativo Nacional de Estadistica- DANE, Gran Encuesta Integrada de Hogares- GEIH. Corte marzo 2020",2016,15104.91667
Generacion de empleo turismo,Sectores conexos,Alimentos y bebidas,,"Departamento Administrativo Nacional de Estadistica- DANE, Gran Encuesta Integrada de Hogares- GEIH. Corte marzo 2020",2016,155465.3333
Generacion de empleo turismo,Sectores conexos,Esparcimiento,,"Departamento Administrativo Nacional de Estadistica- DANE, Gran Encuesta Integrada de Hogares- GEIH. Corte marzo 2020",2016,3049.416667
Generacion de empleo turismo,Sectores conexos,Transporte aereo,,"Departamento Administrativo Nacional de Estadistica- DANE, Gran Encuesta Integrada de Hogares- GEIH. Corte marzo 2020",2016,12292.33333
Generacion de empleo turismo,Sectores conexos,Transporte terrestre,,"Departamento Administrativo Nacional de Estadistica- DANE, Gran Encuesta Integrada de Hogares- GEIH. Corte marzo 2020",2016,70268
Generacion de empleo turismo,Participacion % ,Porcentaje,Empleo Turismo/ Turismo Bogota,"Departamento Administrativo Nacional de Estadistica- DANE, Gran Encuesta Integrada de Hogares- GEIH Corte marzo 2020",2016,6.30%
Conectividad directa internacional,Ciudades,Total,,"Aeronautica civil, Base de datos Trafico por Equipo. Corte marzo 2020",2016,45
Conectividad directa internacional,Aerolineas,Total,,"Aeronautica civil, Base de datos Trafico por Equipo. Corte marzo 2020",2016,32
Conectividad directa internacional,Vuelos,Promedio mensual,,"Aeronautica civil, Base de datos Trafico por Equipo. Corte marzo 2020",2016,3336
Conectividad directa internacional,Sillas,Promedio mensual,,"Aeronautica civil, Base de datos Trafico por Equipo. Corte marzo 2020",2016,501903
Conectividad directa internacional,Pasajeros,Total,,"Aeronautica civil, Base de datos Trafico por Equipo. Corte marzo 2020",2016,4845637
indice de Presion Turistica,indice,indice,indice,Observatorio de Turismo,2016,1.13
indice de Competitividad Turistica Regional de Colombia-ICTRC,indice,indice,indice,"Asociacion Hotelera y Tuistica de Colombia- COTELCO, ICTRC",2016,6.82
indice de Competitividad Turistica Regional de Colombia-ICTRC,Criterio,Estrategia de mercado,indice 0-10,"Asociacion Hotelera y Tuistica de Colombia- COTELCO, ICTRC",2016,8.38
indice de Competitividad Turistica Regional de Colombia-ICTRC,Criterio,Infraestructura,indice 0-10,"Asociacion Hotelera y Tuistica de Colombia- COTELCO, ICTRC",2016,8.84
indice de Competitividad Turistica Regional de Colombia-ICTRC,Criterio,Economico,indice 0-10,"Asociacion Hotelera y Tuistica de Colombia- COTELCO, ICTRC",2016,8.55
indice de Competitividad Turistica Regional de Colombia-ICTRC,Criterio,Cultural,indice 0-10,"Asociacion Hotelera y Tuistica de Colombia- COTELCO, ICTRC",2016,6.86
indice de Competitividad Turistica Regional de Colombia-ICTRC,Criterio,Social,indice 0-10,"Asociacion Hotelera y Tuistica de Colombia- COTELCO, ICTRC",2016,6.4
indice de Competitividad Turistica Regional de Colombia-ICTRC,Criterio,Empresarial,indice 0-10,"Asociacion Hotelera y Tuistica de Colombia- COTELCO, ICTRC",2016,6.84
indice de Competitividad Turistica Regional de Colombia-ICTRC,Criterio,Ambiental,indice 0-10,"Asociacion Hotelera y Tuistica de Colombia- COTELCO, ICTRC",2016,5.06
indice de Competitividad Turistica Regional de Colombia-ICTRC,Criterio,Gestion de destino,indice 0-10,"Asociacion Hotelera y Tuistica de Colombia- COTELCO, ICTRC",2016,5.18
PIB,Participacion % ,Porcentaje,Subsector: Alojamiento y servicio de comida/ PIB Bogota,"Departamento Administrativo Nacional de Estadistica- DANE, Cuentas Nacionales",2016,2.80%
PIB,Participacion % ,Porcentaje,Sector: Comercio al por mayor y al por menor; reparacion de vehiculos automotores y motocicletas; Transporte y almacenamiento; Alojamiento y servicios de comida/ PIB Bogota,"Departamento Administrativo Nacional de Estadistica- DANE, Cuentas Nacionales",2016,19.30%
Informacion Destacada del turismo internacional,Mundo Entero,Llegadas de Turistas Internacionales,Millones de Personas,International Tourism Highlights (2012-2019),2016,1235
Informacion Destacada del turismo internacional,Mundo Entero,Exportaciones Totales de Turismo Internacional,(ingresos + transporte de pasajeros) Trillones de Dolares ,International Tourism Highlights (2012-2019),2016,1.4
Informacion Destacada del turismo internacional,Mundo Entero,Transporte Internacional de Pasajeros,Millones de Personas,International Tourism Highlights (2012-2019),2016,216
Informacion Destacada del turismo internacional,Mundo Entero,Ingresos por turismo internacional,Billones de Dolares ,International Tourism Highlights (2012-2019),2016,1220
Informacion Destacada del turismo internacional,Europa,Llegadas de Turistas Internacionales,Millones de Personas,International Tourism Highlights (2012-2019),2016,616
Informacion Destacada del turismo internacional,Americas,Llegadas de Turistas Internacionales,Millones de Personas,International Tourism Highlights (2012-2019),2016,199
Informacion Destacada del turismo internacional,Asia y el Pacifico,Llegadas de Turistas Internacionales,Millones de Personas,International Tourism Highlights (2012-2019),2016,308
Informacion Destacada del turismo internacional,Africa,Llegadas de Turistas Internacionales,Millones de Personas,International Tourism Highlights (2012-2019),2016,58
Informacion Destacada del turismo internacional,Medio Oriente,Llegadas de Turistas Internacionales,Millones de Personas,International Tourism Highlights (2012-2019),2016,54
Informacion Destacada del turismo internacional,Europa,Exportaciones Totales de Turismo Internacional,(ingresos + transporte de pasajeros) Billones de Dolares ,International Tourism Highlights (2012-2019),2016,447
Informacion Destacada del turismo internacional,Americas,Exportaciones Totales de Turismo Internacional,(ingresos + transporte de pasajeros) Billones de Dolares ,International Tourism Highlights (2012-2019),2016,313
Informacion Destacada del turismo internacional,Asia y el Pacifico,Exportaciones Totales de Turismo Internacional,(ingresos + transporte de pasajeros) Billones de Dolares ,International Tourism Highlights (2012-2019),2016,367
Informacion Destacada del turismo internacional,Africa,Exportaciones Totales de Turismo Internacional,(ingresos + transporte de pasajeros) Billones de Dolares ,International Tourism Highlights (2012-2019),2016,35
Informacion Destacada del turismo internacional,Medio Oriente,Exportaciones Totales de Turismo Internacional,(ingresos + transporte de pasajeros) Billones de Dolares ,International Tourism Highlights (2012-2019),2016,58
Informacion Destacada del turismo internacional,Mundo Entero,Proposito del Viaje,"Ocio,recreacion,vacaciones",International Tourism Highlights (2012-2019),2016,53.00%
Informacion Destacada del turismo internacional,Mundo Entero,Proposito del Viaje,"VFR, salud,religion, otro",International Tourism Highlights (2012-2019),2016,27.00%
Informacion Destacada del turismo internacional,Mundo Entero,Proposito del Viaje,Negocios y profesional,International Tourism Highlights (2012-2019),2016,13.00%
Informacion Destacada del turismo internacional,Mundo Entero,Proposito del Viaje,No especificado,International Tourism Highlights (2012-2019),2016,6.00%
Informacion Destacada del turismo internacional,Mundo Entero,Medio de Transporte,Aire,International Tourism Highlights (2012-2019),2016,55.00%
Informacion Destacada del turismo internacional,Mundo Entero,Medio de Transporte,Terrestre y tren,International Tourism Highlights (2012-2019),2016,41.00%
Informacion Destacada del turismo internacional,Mundo Entero,Medio de Transporte,Agua,International Tourism Highlights (2012-2019),2016,4.00%
Prestadores de Servicios Turisticos - PST,Agencia de viajes,Total,,"Camara de Comercio de Bogota- CCB y Ministerio de Comercio, Industria y Turismo- MinCIT",2017,1470
Prestadores de Servicios Turisticos - PST,Arrendadores de vehiculos para turismo nacional e internacional,Total,,"Camara de Comercio de Bogota- CCB y Ministerio de Comercio, Industria y Turismo- MinCIT",2017,39
Prestadores de Servicios Turisticos - PST,Concesionarios de servicios turisticos en parque,Total,,"Camara de Comercio de Bogota- CCB y Ministerio de Comercio, Industria y Turismo- MinCIT",2017,2
Prestadores de Servicios Turisticos - PST,Empresa de tiempo compartido y multipropiedad,Total,,"Camara de Comercio de Bogota- CCB y Ministerio de Comercio, Industria y Turismo- MinCIT",2017,12
Prestadores de Servicios Turisticos - PST,Empresa de transporte terrestre automotor,Total,,"Camara de Comercio de Bogota- CCB y Ministerio de Comercio, Industria y Turismo- MinCIT",2017,75
Prestadores de Servicios Turisticos - PST,Empresas captadoras de ahorro para viajes y de servicios turisticos,Total,,"Camara de Comercio de Bogota- CCB y Ministerio de Comercio, Industria y Turismo- MinCIT",2017,19
Prestadores de Servicios Turisticos - PST,Establecimiento de alojamiento y hospedaje,Total,,"Camara de Comercio de Bogota- CCB y Ministerio de Comercio, Industria y Turismo- MinCIT",2017,808
Prestadores de Servicios Turisticos - PST,Establecimiento de alojamiento y hospedaje,Habitaciones,,"Camara de Comercio de Bogota- CCB y Ministerio de Comercio, Industria y Turismo- MinCIT",2017,26441
Prestadores de Servicios Turisticos - PST,Establecimiento de alojamiento y hospedaje,Camas,,"Camara de Comercio de Bogota- CCB y Ministerio de Comercio, Industria y Turismo- MinCIT",2017,40794
Prestadores de Servicios Turisticos - PST,Hotel,Total,,"Camara de Comercio de Bogota- CCB y Ministerio de Comercio, Industria y Turismo- MinCIT",2017,594
Prestadores de Servicios Turisticos - PST,Hotel,Habitaciones,,"Camara de Comercio de Bogota- CCB y Ministerio de Comercio, Industria y Turismo- MinCIT",2017,22726
Prestadores de Servicios Turisticos - PST,Hotel,Camas,,"Camara de Comercio de Bogota- CCB y Ministerio de Comercio, Industria y Turismo- MinCIT",2017,33257
Prestadores de Servicios Turisticos - PST,Establecimiento de gastronomia y similares,Total,,"Camara de Comercio de Bogota- CCB y Ministerio de Comercio, Industria y Turismo- MinCIT",2017,561
Prestadores de Servicios Turisticos - PST,Guia de turismo,Total,,"Camara de Comercio de Bogota- CCB y Ministerio de Comercio, Industria y Turismo- MinCIT",2017,160
Prestadores de Servicios Turisticos - PST,Oficina de representacion turistica,Total,,"Camara de Comercio de Bogota- CCB y Ministerio de Comercio, Industria y Turismo- MinCIT",2017,160
Prestadores de Servicios Turisticos - PST,"Operadores profesionales de congresos, ferias y convenciones",Total,,"Camara de Comercio de Bogota- CCB y Ministerio de Comercio, Industria y Turismo- MinCIT",2017,174
Prestadores de Servicios Turisticos - PST,Parques tematicos,Total,,"Camara de Comercio de Bogota- CCB y Ministerio de Comercio, Industria y Turismo- MinCIT",2017,1
Prestadores de Servicios Turisticos - PST,"Usuarios operadores, desarrolladores e industriales en zonas francas turisticas",Total,,"Camara de Comercio de Bogota- CCB y Ministerio de Comercio, Industria y Turismo- MinCIT",2017,1
Prestadores de Servicios Turisticos - PST,Intercambio vacacional,Total,,"Camara de Comercio de Bogota- CCB y Ministerio de Comercio, Industria y Turismo- MinCIT",2017,1
Airbnb & Homeaway,Barrios Unidos,Promedio mensual de propiedades,,,2017,92.83333333
Airbnb & Homeaway,Bosa,Promedio mensual de propiedades,,,2017,1.5
Airbnb & Homeaway,Candelaria,Promedio mensual de propiedades,,,2017,104.8333333
Airbnb & Homeaway,Chapinero,Promedio mensual de propiedades,,,2017,921.25
Airbnb & Homeaway,Engativa,Promedio mensual de propiedades,,,2017,69.75
Airbnb & Homeaway,Fontibon,Promedio mensual de propiedades,,,2017,117.9166667
Airbnb & Homeaway,Kennedy,Promedio mensual de propiedades,,,2017,33.41666667
Airbnb & Homeaway,Los Martires,Promedio mensual de propiedades,,,2017,11.33333333
Airbnb & Homeaway,Puente Aranda,Promedio mensual de propiedades,,,2017,11.83333333
Airbnb & Homeaway,Rafael Uribe Uribe,Promedio mensual de propiedades,,,2017,4.833333333
Airbnb & Homeaway,San Cristobal,Promedio mensual de propiedades,,,2017,2.818181818
Airbnb & Homeaway,Santa Fe,Promedio mensual de propiedades,,,2017,198.0833333
Airbnb & Homeaway,Suba,Promedio mensual de propiedades,,,2017,225.0833333
Airbnb & Homeaway,Teusaquillo,Promedio mensual de propiedades,,,2017,287.6666667
Airbnb & Homeaway,Usaquen,Promedio mensual de propiedades,,,2017,516.1666667
Airbnb & Homeaway,Usme,Promedio mensual de propiedades,,,2017,1.2
Tasa de ocupacion Hotelera,Tasa de ocupacion hotelera Bogota,Porcentaje,,"Asociacion Hotelera y Tuistica de Colombia- COTELCO, Sistema de Informacion Turistica- SIH",2017,58.30%
Tasa de ocupacion Airbnb,Tasa de ocupacion Airbnb Bogota,Porcentaje,,,2017,44.00%
Generacion de empleo turismo,Empleo Turismo Bogota,Total,,"Departamento Administrativo Nacional de Estadistica- DANE, Gran Encuesta Integrada de Hogares- GEIH. Corte marzo 2020",2017,274858.5833
Generacion de empleo turismo,Sectores directos,Agencias de viaje,,"Departamento Administrativo Nacional de Estadistica- DANE, Gran Encuesta Integrada de Hogares- GEIH. Corte marzo 2020",2017,12576.75
Generacion de empleo turismo,Sectores directos,Alojamiento y hospedaje,,"Departamento Administrativo Nacional de Estadistica- DANE, Gran Encuesta Integrada de Hogares- GEIH. Corte marzo 2020",2017,16499.91667
Generacion de empleo turismo,Sectores conexos,Alimentos y bebidas,,"Departamento Administrativo Nacional de Estadistica- DANE, Gran Encuesta Integrada de Hogares- GEIH. Corte marzo 2020",2017,142267.5833
Generacion de empleo turismo,Sectores conexos,Esparcimiento,,"Departamento Administrativo Nacional de Estadistica- DANE, Gran Encuesta Integrada de Hogares- GEIH. Corte marzo 2020",2017,1918.083333
Generacion de empleo turismo,Sectores conexos,Transporte aereo,,"Departamento Administrativo Nacional de Estadistica- DANE, Gran Encuesta Integrada de Hogares- GEIH. Corte marzo 2020",2017,10367.83333
Generacion de empleo turismo,Sectores conexos,Transporte terrestre,,"Departamento Administrativo Nacional de Estadistica- DANE, Gran Encuesta Integrada de Hogares- GEIH. Corte marzo 2020",2017,91228.41667
Generacion de empleo turismo,Participacion % ,Porcentaje,Empleo Turismo/ Turismo Bogota,"Departamento Administrativo Nacional de Estadistica- DANE, Gran Encuesta Integrada de Hogares- GEIH Corte marzo 2020",2017,6.70%
Conectividad directa internacional,Ciudades,Total,,"Aeronautica civil, Base de datos Trafico por Equipo. Corte marzo 2020",2017,47
Conectividad directa internacional,Aerolineas,Total,,"Aeronautica civil, Base de datos Trafico por Equipo. Corte marzo 2020",2017,32
Conectividad directa internacional,Vuelos,Promedio mensual,,"Aeronautica civil, Base de datos Trafico por Equipo. Corte marzo 2020",2017,3375
Conectividad directa internacional,Sillas,Promedio mensual,,"Aeronautica civil, Base de datos Trafico por Equipo. Corte marzo 2020",2017,526262
Conectividad directa internacional,Pasajeros,Total,,"Aeronautica civil, Base de datos Trafico por Equipo. Corte marzo 2020",2017,5161725
indice de Presion Turistica,indice,indice,indice,Observatorio de Turismo,2017,1.25
indice de Competitividad Turistica Regional de Colombia-ICTRC,indice,indice,indice,"Asociacion Hotelera y Tuistica de Colombia- COTELCO, ICTRC",2017,7.12
indice de Competitividad Turistica Regional de Colombia-ICTRC,Criterio,Estrategia de mercado,indice 0-10,"Asociacion Hotelera y Tuistica de Colombia- COTELCO, ICTRC",2017,9.61
indice de Competitividad Turistica Regional de Colombia-ICTRC,Criterio,Infraestructura,indice 0-10,"Asociacion Hotelera y Tuistica de Colombia- COTELCO, ICTRC",2017,8.71
indice de Competitividad Turistica Regional de Colombia-ICTRC,Criterio,Economico,indice 0-10,"Asociacion Hotelera y Tuistica de Colombia- COTELCO, ICTRC",2017,7.46
indice de Competitividad Turistica Regional de Colombia-ICTRC,Criterio,Cultural,indice 0-10,"Asociacion Hotelera y Tuistica de Colombia- COTELCO, ICTRC",2017,7.08
indice de Competitividad Turistica Regional de Colombia-ICTRC,Criterio,Social,indice 0-10,"Asociacion Hotelera y Tuistica de Colombia- COTELCO, ICTRC",2017,6.95
indice de Competitividad Turistica Regional de Colombia-ICTRC,Criterio,Empresarial,indice 0-10,"Asociacion Hotelera y Tuistica de Colombia- COTELCO, ICTRC",2017,6.24
indice de Competitividad Turistica Regional de Colombia-ICTRC,Criterio,Ambiental,indice 0-10,"Asociacion Hotelera y Tuistica de Colombia- COTELCO, ICTRC",2017,6.58
indice de Competitividad Turistica Regional de Colombia-ICTRC,Criterio,Gestion de destino,indice 0-10,"Asociacion Hotelera y Tuistica de Colombia- COTELCO, ICTRC",2017,5.64
PIB,Participacion % ,Porcentaje,Subsector: Alojamiento y servicio de comida/ PIB Bogota,"Departamento Administrativo Nacional de Estadistica- DANE, Cuentas Nacionales",2017,2.80%
PIB,Participacion % ,Porcentaje,Sector: Comercio al por mayor y al por menor; reparacion de vehiculos automotores y motocicletas; Transporte y almacenamiento; Alojamiento y servicios de comida/ PIB Bogota,"Departamento Administrativo Nacional de Estadistica- DANE, Cuentas Nacionales",2017,19.20%
Informacion Destacada del turismo internacional,Mundo Entero,Llegadas de Turistas Internacionales,Millones de Personas,International Tourism Highlights (2012-2019),2017,1326
Informacion Destacada del turismo internacional,Mundo Entero,Exportaciones Totales de Turismo Internacional,(ingresos + transporte de pasajeros) Trillones de Dolares ,International Tourism Highlights (2012-2019),2017,1.6
Informacion Destacada del turismo internacional,Mundo Entero,Transporte Internacional de Pasajeros,Millones de Personas,International Tourism Highlights (2012-2019),2017,240
Informacion Destacada del turismo internacional,Mundo Entero,Ingresos por turismo internacional,Billones de Dolares ,International Tourism Highlights (2012-2019),2017,1340
Informacion Destacada del turismo internacional,Europa,Llegadas de Turistas Internacionales,Millones de Personas,International Tourism Highlights (2012-2019),2017,672
Informacion Destacada del turismo internacional,Americas,Llegadas de Turistas Internacionales,Millones de Personas,International Tourism Highlights (2012-2019),2017,211
Informacion Destacada del turismo internacional,Asia y el Pacifico,Llegadas de Turistas Internacionales,Millones de Personas,International Tourism Highlights (2012-2019),2017,323
Informacion Destacada del turismo internacional,Africa,Llegadas de Turistas Internacionales,Millones de Personas,International Tourism Highlights (2012-2019),2017,63
Informacion Destacada del turismo internacional,Medio Oriente,Llegadas de Turistas Internacionales,Millones de Personas,International Tourism Highlights (2012-2019),2017,58
Informacion Destacada del turismo internacional,Europa,Exportaciones Totales de Turismo Internacional,(ingresos + transporte de pasajeros) Billones de Dolares ,International Tourism Highlights (2012-2019),2017,519
Informacion Destacada del turismo internacional,Americas,Exportaciones Totales de Turismo Internacional,(ingresos + transporte de pasajeros) Billones de Dolares ,International Tourism Highlights (2012-2019),2017,326
Informacion Destacada del turismo internacional,Asia y el Pacifico,Exportaciones Totales de Turismo Internacional,(ingresos + transporte de pasajeros) Billones de Dolares ,International Tourism Highlights (2012-2019),2017,390
Informacion Destacada del turismo internacional,Africa,Exportaciones Totales de Turismo Internacional,(ingresos + transporte de pasajeros) Billones de Dolares ,International Tourism Highlights (2012-2019),2017,37
Informacion Destacada del turismo internacional,Medio Oriente,Exportaciones Totales de Turismo Internacional,(ingresos + transporte de pasajeros) Billones de Dolares ,International Tourism Highlights (2012-2019),2017,68
Informacion Destacada del turismo internacional,Mundo Entero,Proposito del Viaje,"Ocio,recreacion,vacaciones",International Tourism Highlights (2012-2019),2017,55.00%
Informacion Destacada del turismo internacional,Mundo Entero,Proposito del Viaje,"VFR, salud,religion, otro",International Tourism Highlights (2012-2019),2017,27.00%
Informacion Destacada del turismo internacional,Mundo Entero,Proposito del Viaje,Negocios y profesional,International Tourism Highlights (2012-2019),2017,13.00%
Informacion Destacada del turismo internacional,Mundo Entero,Proposito del Viaje,No especificado,International Tourism Highlights (2012-2019),2017,6.00%
Informacion Destacada del turismo internacional,Mundo Entero,Medio de Transporte,Aire,International Tourism Highlights (2012-2019),2017,57.00%
Informacion Destacada del turismo internacional,Mundo Entero,Medio de Transporte,Terrestre y tren,International Tourism Highlights (2012-2019),2017,39.00%
Informacion Destacada del turismo internacional,Mundo Entero,Medio de Transporte,Agua,International Tourism Highlights (2012-2019),2017,4.00%
Prestadores de Servicios Turisticos - PST,Agencia de viajes,Total,,"Camara de Comercio de Bogota- CCB y Ministerio de Comercio, Industria y Turismo- MinCIT",2018,1443
Prestadores de Servicios Turisticos - PST,Arrendadores de vehiculos para turismo nacional e internacional,Total,,"Camara de Comercio de Bogota- CCB y Ministerio de Comercio, Industria y Turismo- MinCIT",2018,34
Prestadores de Servicios Turisticos - PST,Concesionarios de servicios turisticos en parque,Total,,"Camara de Comercio de Bogota- CCB y Ministerio de Comercio, Industria y Turismo- MinCIT",2018,
Prestadores de Servicios Turisticos - PST,Empresa de tiempo compartido y multipropiedad,Total,,"Camara de Comercio de Bogota- CCB y Ministerio de Comercio, Industria y Turismo- MinCIT",2018,14
Prestadores de Servicios Turisticos - PST,Empresa de transporte terrestre automotor,Total,,"Camara de Comercio de Bogota- CCB y Ministerio de Comercio, Industria y Turismo- MinCIT",2018,90
Prestadores de Servicios Turisticos - PST,Empresas captadoras de ahorro para viajes y de servicios turisticos,Total,,"Camara de Comercio de Bogota- CCB y Ministerio de Comercio, Industria y Turismo- MinCIT",2018,15
Prestadores de Servicios Turisticos - PST,Establecimiento de alojamiento y hospedaje,Total,,"Camara de Comercio de Bogota- CCB y Ministerio de Comercio, Industria y Turismo- MinCIT",2018,829
Prestadores de Servicios Turisticos - PST,Establecimiento de alojamiento y hospedaje,Habitaciones,,"Camara de Comercio de Bogota- CCB y Ministerio de Comercio, Industria y Turismo- MinCIT",2018,27714
Prestadores de Servicios Turisticos - PST,Establecimiento de alojamiento y hospedaje,Camas,,"Camara de Comercio de Bogota- CCB y Ministerio de Comercio, Industria y Turismo- MinCIT",2018,42902
Prestadores de Servicios Turisticos - PST,Hotel,Total,,"Camara de Comercio de Bogota- CCB y Ministerio de Comercio, Industria y Turismo- MinCIT",2018,605
Prestadores de Servicios Turisticos - PST,Hotel,Habitaciones,,"Camara de Comercio de Bogota- CCB y Ministerio de Comercio, Industria y Turismo- MinCIT",2018,23914
Prestadores de Servicios Turisticos - PST,Hotel,Camas,,"Camara de Comercio de Bogota- CCB y Ministerio de Comercio, Industria y Turismo- MinCIT",2018,35205
Prestadores de Servicios Turisticos - PST,Establecimiento de gastronomia y similares,Total,,"Camara de Comercio de Bogota- CCB y Ministerio de Comercio, Industria y Turismo- MinCIT",2018,533
Prestadores de Servicios Turisticos - PST,Guia de turismo,Total,,"Camara de Comercio de Bogota- CCB y Ministerio de Comercio, Industria y Turismo- MinCIT",2018,195
Prestadores de Servicios Turisticos - PST,Oficina de representacion turistica,Total,,"Camara de Comercio de Bogota- CCB y Ministerio de Comercio, Industria y Turismo- MinCIT",2018,134
Prestadores de Servicios Turisticos - PST,"Operadores profesionales de congresos, ferias y convenciones",Total,,"Camara de Comercio de Bogota- CCB y Ministerio de Comercio, Industria y Turismo- MinCIT",2018,182
Prestadores de Servicios Turisticos - PST,Parques tematicos,Total,,"Camara de Comercio de Bogota- CCB y Ministerio de Comercio, Industria y Turismo- MinCIT",2018,1
Prestadores de Servicios Turisticos - PST,"Usuarios operadores, desarrolladores e industriales en zonas francas turisticas",Total,,"Camara de Comercio de Bogota- CCB y Ministerio de Comercio, Industria y Turismo- MinCIT",2018,
Prestadores de Servicios Turisticos - PST,Intercambio vacacional,Total,,"Camara de Comercio de Bogota- CCB y Ministerio de Comercio, Industria y Turismo- MinCIT",2018,1
Airbnb & Homeaway,Barrios Unidos,Promedio mensual de propiedades,,,2018,167.6666667
Airbnb & Homeaway,Bosa,Promedio mensual de propiedades,,,2018,2.909090909
Airbnb & Homeaway,Candelaria,Promedio mensual de propiedades,,,2018,143.75
Airbnb & Homeaway,Chapinero,Promedio mensual de propiedades,,,2018,1246.083333
Airbnb & Homeaway,Engativa,Promedio mensual de propiedades,,,2018,160.3333333
Airbnb & Homeaway,Fontibon,Promedio mensual de propiedades,,,2018,201.0833333
Airbnb & Homeaway,Kennedy,Promedio mensual de propiedades,,,2018,75.66666667
Airbnb & Homeaway,Los Martires,Promedio mensual de propiedades,,,2018,29.58333333
Airbnb & Homeaway,Puente Aranda,Promedio mensual de propiedades,,,2018,27.66666667
Airbnb & Homeaway,Rafael Uribe Uribe,Promedio mensual de propiedades,,,2018,7.083333333
Airbnb & Homeaway,San Cristobal,Promedio mensual de propiedades,,,2018,6.666666667
Airbnb & Homeaway,Santa Fe,Promedio mensual de propiedades,,,2018,324.8333333
Airbnb & Homeaway,Suba,Promedio mensual de propiedades,,,2018,397.6666667
Airbnb & Homeaway,Teusaquillo,Promedio mensual de propiedades,,,2018,463.9166667
Airbnb & Homeaway,Usaquen,Promedio mensual de propiedades,,,2018,789.9166667
Airbnb & Homeaway,Usme,Promedio mensual de propiedades,,,2018,2.363636364
Tasa de ocupacion Hotelera,Tasa de ocupacion hotelera Bogota,Porcentaje,,"Asociacion Hotelera y Tuistica de Colombia- COTELCO, Sistema de Informacion Turistica- SIH",2018,59.70%
Tasa de ocupacion Airbnb,Tasa de ocupacion Airbnb Bogota,Porcentaje,,,2018,45.50%
Generacion de empleo turismo,Empleo Turismo Bogota,Total,,"Departamento Administrativo Nacional de Estadistica- DANE, Gran Encuesta Integrada de Hogares- GEIH. Corte marzo 2020",2018,315796.6667
Generacion de empleo turismo,Sectores directos,Agencias de viaje,,"Departamento Administrativo Nacional de Estadistica- DANE, Gran Encuesta Integrada de Hogares- GEIH. Corte marzo 2020",2018,10559.08333
Generacion de empleo turismo,Sectores directos,Alojamiento y hospedaje,,"Departamento Administrativo Nacional de Estadistica- DANE, Gran Encuesta Integrada de Hogares- GEIH. Corte marzo 2020",2018,16655.75
Generacion de empleo turismo,Sectores conexos,Alimentos y bebidas,,"Departamento Administrativo Nacional de Estadistica- DANE, Gran Encuesta Integrada de Hogares- GEIH. Corte marzo 2020",2018,161280.25
Generacion de empleo turismo,Sectores conexos,Esparcimiento,,"Departamento Administrativo Nacional de Estadistica- DANE, Gran Encuesta Integrada de Hogares- GEIH. Corte marzo 2020",2018,1891.916667
Generacion de empleo turismo,Sectores conexos,Transporte aereo,,"Departamento Administrativo Nacional de Estadistica- DANE, Gran Encuesta Integrada de Hogares- GEIH. Corte marzo 2020",2018,17846.41667
Generacion de empleo turismo,Sectores conexos,Transporte terrestre,,"Departamento Administrativo Nacional de Estadistica- DANE, Gran Encuesta Integrada de Hogares- GEIH. Corte marzo 2020",2018,107563.25
Generacion de empleo turismo,Participacion % ,Porcentaje,Empleo Turismo/ Turismo Bogota,"Departamento Administrativo Nacional de Estadistica- DANE, Gran Encuesta Integrada de Hogares- GEIH Corte marzo 2020",2018,7.60%
Conectividad directa internacional,Ciudades,Total,,"Aeronautica civil, Base de datos Trafico por Equipo. Corte marzo 2020",2018,49
Conectividad directa internacional,Aerolineas,Total,,"Aeronautica civil, Base de datos Trafico por Equipo. Corte marzo 2020",2018,32
Conectividad directa internacional,Vuelos,Promedio mensual,,"Aeronautica civil, Base de datos Trafico por Equipo. Corte marzo 2020",2018,3507
Conectividad directa internacional,Sillas,Promedio mensual,,"Aeronautica civil, Base de datos Trafico por Equipo. Corte marzo 2020",2018,551755
Conectividad directa internacional,Pasajeros,Total,,"Aeronautica civil, Base de datos Trafico por Equipo. Corte marzo 2020",2018,5465775
indice de Presion Turistica,indice,indice,indice,Observatorio de Turismo,2018,1.8
indice de Competitividad Turistica Regional de Colombia-ICTRC,indice,indice,indice,"Asociacion Hotelera y Tuistica de Colombia- COTELCO, ICTRC",2018,7.01
indice de Competitividad Turistica Regional de Colombia-ICTRC,Criterio,Estrategia de mercado,indice 0-10,"Asociacion Hotelera y Tuistica de Colombia- COTELCO, ICTRC",2018,9.75
indice de Competitividad Turistica Regional de Colombia-ICTRC,Criterio,Infraestructura,indice 0-10,"Asociacion Hotelera y Tuistica de Colombia- COTELCO, ICTRC",2018,8.73
indice de Competitividad Turistica Regional de Colombia-ICTRC,Criterio,Economico,indice 0-10,"Asociacion Hotelera y Tuistica de Colombia- COTELCO, ICTRC",2018,7.32
indice de Competitividad Turistica Regional de Colombia-ICTRC,Criterio,Cultural,indice 0-10,"Asociacion Hotelera y Tuistica de Colombia- COTELCO, ICTRC",2018,7.37
indice de Competitividad Turistica Regional de Colombia-ICTRC,Criterio,Social,indice 0-10,"Asociacion Hotelera y Tuistica de Colombia- COTELCO, ICTRC",2018,6.89
indice de Competitividad Turistica Regional de Colombia-ICTRC,Criterio,Empresarial,indice 0-10,"Asociacion Hotelera y Tuistica de Colombia- COTELCO, ICTRC",2018,6.51
indice de Competitividad Turistica Regional de Colombia-ICTRC,Criterio,Ambiental,indice 0-10,"Asociacion Hotelera y Tuistica de Colombia- COTELCO, ICTRC",2018,6.97
indice de Competitividad Turistica Regional de Colombia-ICTRC,Criterio,Gestion de destino,indice 0-10,"Asociacion Hotelera y Tuistica de Colombia- COTELCO, ICTRC",2018,4.5
PIB,Participacion % ,Porcentaje,Subsector: Alojamiento y servicio de comida/ PIB Bogota,"Departamento Administrativo Nacional de Estadistica- DANE, Cuentas Nacionales",2018,2.80%
PIB,Participacion % ,Porcentaje,Sector: Comercio al por mayor y al por menor; reparacion de vehiculos automotores y motocicletas; Transporte y almacenamiento; Alojamiento y servicios de comida/ PIB Bogota,"Departamento Administrativo Nacional de Estadistica- DANE, Cuentas Nacionales",2018,19.30%
Informacion Destacada del turismo internacional,Mundo Entero,Llegadas de Turistas Internacionales,Millones de Personas,International Tourism Highlights (2012-2019),2018,1400
Informacion Destacada del turismo internacional,Mundo Entero,Exportaciones Totales de Turismo Internacional,(ingresos + transporte de pasajeros) Trillones de Dolares ,International Tourism Highlights (2012-2019),2018,1.7
Informacion Destacada del turismo internacional,Mundo Entero,Transporte Internacional de Pasajeros,Millones de Personas,International Tourism Highlights (2012-2019),2018,256
Informacion Destacada del turismo internacional,Mundo Entero,Ingresos por turismo internacional,Billones de Dolares ,International Tourism Highlights (2012-2019),2018,1500
Informacion Destacada del turismo internacional,Europa,Llegadas de Turistas Internacionales,Millones de Personas,International Tourism Highlights (2012-2019),2018,710
Informacion Destacada del turismo internacional,Americas,Llegadas de Turistas Internacionales,Millones de Personas,International Tourism Highlights (2012-2019),2018,216
Informacion Destacada del turismo internacional,Asia y el Pacifico,Llegadas de Turistas Internacionales,Millones de Personas,International Tourism Highlights (2012-2019),2018,348
Informacion Destacada del turismo internacional,Africa,Llegadas de Turistas Internacionales,Millones de Personas,International Tourism Highlights (2012-2019),2018,67
Informacion Destacada del turismo internacional,Medio Oriente,Llegadas de Turistas Internacionales,Millones de Personas,International Tourism Highlights (2012-2019),2018,60
Informacion Destacada del turismo internacional,Europa,Exportaciones Totales de Turismo Internacional,(ingresos + transporte de pasajeros) Billones de Dolares ,International Tourism Highlights (2012-2019),2018,570
Informacion Destacada del turismo internacional,Americas,Exportaciones Totales de Turismo Internacional,(ingresos + transporte de pasajeros) Billones de Dolares ,International Tourism Highlights (2012-2019),2018,334
Informacion Destacada del turismo internacional,Asia y el Pacifico,Exportaciones Totales de Turismo Internacional,(ingresos + transporte de pasajeros) Billones de Dolares ,International Tourism Highlights (2012-2019),2018,435
Informacion Destacada del turismo internacional,Africa,Exportaciones Totales de Turismo Internacional,(ingresos + transporte de pasajeros) Billones de Dolares ,International Tourism Highlights (2012-2019),2018,38
Informacion Destacada del turismo internacional,Medio Oriente,Exportaciones Totales de Turismo Internacional,(ingresos + transporte de pasajeros) Billones de Dolares ,International Tourism Highlights (2012-2019),2018,73
Informacion Destacada del turismo internacional,Mundo Entero,Proposito del Viaje,"Ocio,recreacion,vacaciones",International Tourism Highlights (2012-2019),2018,56.00%
Informacion Destacada del turismo internacional,Mundo Entero,Proposito del Viaje,"VFR, salud,religion, otro",International Tourism Highlights (2012-2019),2018,27.00%
Informacion Destacada del turismo internacional,Mundo Entero,Proposito del Viaje,Negocios y profesional,International Tourism Highlights (2012-2019),2018,13.00%
Informacion Destacada del turismo internacional,Mundo Entero,Proposito del Viaje,No especificado,International Tourism Highlights (2012-2019),2018,4.00%
Informacion Destacada del turismo internacional,Mundo Entero,Medio de Transporte,Aire,International Tourism Highlights (2012-2019),2018,58.00%
Informacion Destacada del turismo internacional,Mundo Entero,Medio de Transporte,Terrestre y tren,International Tourism Highlights (2012-2019),2018,39.00%
Informacion Destacada del turismo internacional,Mundo Entero,Medio de Transporte,Agua,International Tourism Highlights (2012-2019),2018,4.00%
Big Data,Estados Unidos,Capacidad aerea,Total asientos,Plataforma de Big Data para Destinos Inteligentes - Mabrian,2018,1387461
Big Data,Mexico,Capacidad aerea,Total asientos,Plataforma de Big Data para Destinos Inteligentes - Mabrian,2018,736212
Big Data,Espana,Capacidad aerea,Total asientos,Plataforma de Big Data para Destinos Inteligentes - Mabrian,2018,586315
Big Data,Brasil,Capacidad aerea,Total asientos,Plataforma de Big Data para Destinos Inteligentes - Mabrian,2018,469840
Big Data,Argentina,Capacidad aerea,Total asientos,Plataforma de Big Data para Destinos Inteligentes - Mabrian,2018,169828
Big Data,Alemania,Capacidad aerea,Total asientos,Plataforma de Big Data para Destinos Inteligentes - Mabrian,2018,94146
Big Data,Francia,Capacidad aerea,Total asientos,Plataforma de Big Data para Destinos Inteligentes - Mabrian,2018,99355
Big Data,Reino Unido,Capacidad aerea,Total asientos,Plataforma de Big Data para Destinos Inteligentes - Mabrian,2018,91000
Big Data,Paises Bajos,Capacidad aerea,Total asientos,Plataforma de Big Data para Destinos Inteligentes - Mabrian,2018,59094
Prestadores de Servicios Turisticos - PST,Agencia de viajes,Total,,"Camara de Comercio de Bogota- CCB y Ministerio de Comercio, Industria y Turismo- MinCIT",2019,1956
Prestadores de Servicios Turisticos - PST,Arrendadores de vehiculos para turismo nacional e internacional,Total,,"Camara de Comercio de Bogota- CCB y Ministerio de Comercio, Industria y Turismo- MinCIT",2019,58
Prestadores de Servicios Turisticos - PST,Concesionarios de servicios turisticos en parque,Total,,"Camara de Comercio de Bogota- CCB y Ministerio de Comercio, Industria y Turismo- MinCIT",2019,1
Prestadores de Servicios Turisticos - PST,Empresa de tiempo compartido y multipropiedad,Total,,"Camara de Comercio de Bogota- CCB y Ministerio de Comercio, Industria y Turismo- MinCIT",2019,16
Prestadores de Servicios Turisticos - PST,Empresa de transporte terrestre automotor,Total,,"Camara de Comercio de Bogota- CCB y Ministerio de Comercio, Industria y Turismo- MinCIT",2019,149
Prestadores de Servicios Turisticos - PST,Empresas captadoras de ahorro para viajes y de servicios turisticos,Total,,"Camara de Comercio de Bogota- CCB y Ministerio de Comercio, Industria y Turismo- MinCIT",2019,13
Prestadores de Servicios Turisticos - PST,Establecimiento de alojamiento y hospedaje,Total,,"Camara de Comercio de Bogota- CCB y Ministerio de Comercio, Industria y Turismo- MinCIT",2019,848
Prestadores de Servicios Turisticos - PST,Establecimiento de alojamiento y hospedaje,Habitaciones,,"Camara de Comercio de Bogota- CCB y Ministerio de Comercio, Industria y Turismo- MinCIT",2019,28438
Prestadores de Servicios Turisticos - PST,Establecimiento de alojamiento y hospedaje,Camas,,"Camara de Comercio de Bogota- CCB y Ministerio de Comercio, Industria y Turismo- MinCIT",2019,41824
Prestadores de Servicios Turisticos - PST,Hotel,Total,,"Camara de Comercio de Bogota- CCB y Ministerio de Comercio, Industria y Turismo- MinCIT",2019,658
Prestadores de Servicios Turisticos - PST,Hotel,Habitaciones,,"Camara de Comercio de Bogota- CCB y Ministerio de Comercio, Industria y Turismo- MinCIT",2019,25297
Prestadores de Servicios Turisticos - PST,Hotel,Camas,,"Camara de Comercio de Bogota- CCB y Ministerio de Comercio, Industria y Turismo- MinCIT",2019,36507
Prestadores de Servicios Turisticos - PST,Establecimiento de gastronomia y similares,Total,,"Camara de Comercio de Bogota- CCB y Ministerio de Comercio, Industria y Turismo- MinCIT",2019,546
Prestadores de Servicios Turisticos - PST,Guia de turismo,Total,,"Camara de Comercio de Bogota- CCB y Ministerio de Comercio, Industria y Turismo- MinCIT",2019,270
Prestadores de Servicios Turisticos - PST,Oficina de representacion turistica,Total,,"Camara de Comercio de Bogota- CCB y Ministerio de Comercio, Industria y Turismo- MinCIT",2019,190
Prestadores de Servicios Turisticos - PST,"Operadores profesionales de congresos, ferias y convenciones",Total,,"Camara de Comercio de Bogota- CCB y Ministerio de Comercio, Industria y Turismo- MinCIT",2019,287
Prestadores de Servicios Turisticos - PST,Parques tematicos,Total,,"Camara de Comercio de Bogota- CCB y Ministerio de Comercio, Industria y Turismo- MinCIT",2019,4
Prestadores de Servicios Turisticos - PST,"Usuarios operadores, desarrolladores e industriales en zonas francas turisticas",Total,,"Camara de Comercio de Bogota- CCB y Ministerio de Comercio, Industria y Turismo- MinCIT",2019,
Prestadores de Servicios Turisticos - PST,Intercambio vacacional,Total,,"Camara de Comercio de Bogota- CCB y Ministerio de Comercio, Industria y Turismo- MinCIT",2019,
Airbnb & Homeaway,Barrios Unidos,Promedio mensual de propiedades,,,2019,221.5
Airbnb & Homeaway,Bosa,Promedio mensual de propiedades,,,2019,6.5
Airbnb & Homeaway,Candelaria,Promedio mensual de propiedades,,,2019,178.5
Airbnb & Homeaway,Chapinero,Promedio mensual de propiedades,,,2019,1471
Airbnb & Homeaway,Engativa,Promedio mensual de propiedades,,,2019,246.5
Airbnb & Homeaway,Fontibon,Promedio mensual de propiedades,,,2019,246.5
Airbnb & Homeaway,Kennedy,Promedio mensual de propiedades,,,2019,121.5
Airbnb & Homeaway,Los Martires,Promedio mensual de propiedades,,,2019,50
Airbnb & Homeaway,Puente Aranda,Promedio mensual de propiedades,,,2019,39.5
Airbnb & Homeaway,Rafael Uribe Uribe,Promedio mensual de propiedades,,,2019,12
Airbnb & Homeaway,San Cristobal,Promedio mensual de propiedades,,,2019,12
Airbnb & Homeaway,Santa Fe,Promedio mensual de propiedades,,,2019,393
Airbnb & Homeaway,Suba,Promedio mensual de propiedades,,,2019,518
Airbnb & Homeaway,Teusaquillo,Promedio mensual de propiedades,,,2019,668
Airbnb & Homeaway,Usaquen,Promedio mensual de propiedades,,,2019,915
Airbnb & Homeaway,Usme,Promedio mensual de propiedades,,,2019,1
Tasa de ocupacion Hotelera,Tasa de ocupacion hotelera Bogota,Porcentaje,,"Asociacion Hotelera y Tuistica de Colombia- COTELCO, Sistema de Informacion Turistica- SIH",2019,62.30%
Tasa de ocupacion Airbnb,Tasa de ocupacion Airbnb Bogota,Porcentaje,,,2019,44.00%
Generacion de empleo turismo,Empleo Turismo Bogota,Total,,"Departamento Administrativo Nacional de Estadistica- DANE, Gran Encuesta Integrada de Hogares- GEIH. Corte marzo 2020",2019,288537
Generacion de empleo turismo,Sectores directos,Agencias de viaje,,"Departamento Administrativo Nacional de Estadistica- DANE, Gran Encuesta Integrada de Hogares- GEIH. Corte marzo 2020",2019,9506
Generacion de empleo turismo,Sectores directos,Alojamiento y hospedaje,,"Departamento Administrativo Nacional de Estadistica- DANE, Gran Encuesta Integrada de Hogares- GEIH. Corte marzo 2020",2019,12265.58333
Generacion de empleo turismo,Sectores conexos,Alimentos y bebidas,,"Departamento Administrativo Nacional de Estadistica- DANE, Gran Encuesta Integrada de Hogares- GEIH. Corte marzo 2020",2019,155898
Generacion de empleo turismo,Sectores conexos,Esparcimiento,,"Departamento Administrativo Nacional de Estadistica- DANE, Gran Encuesta Integrada de Hogares- GEIH. Corte marzo 2020",2019,1245
Generacion de empleo turismo,Sectores conexos,Transporte aereo,,"Departamento Administrativo Nacional de Estadistica- DANE, Gran Encuesta Integrada de Hogares- GEIH. Corte marzo 2020",2019,9764
Generacion de empleo turismo,Sectores conexos,Transporte terrestre,,"Departamento Administrativo Nacional de Estadistica- DANE, Gran Encuesta Integrada de Hogares- GEIH. Corte marzo 2020",2019,99858.41667
Generacion de empleo turismo,Participacion % ,Porcentaje,Empleo Turismo/ Turismo Bogota,"Departamento Administrativo Nacional de Estadistica- DANE, Gran Encuesta Integrada de Hogares- GEIH Corte marzo 2020",2019,6.90%
Conectividad directa internacional,Ciudades,Total,,"Aeronautica civil, Base de datos Trafico por Equipo. Corte marzo 2020",2019,50
Conectividad directa internacional,Aerolineas,Total,,"Aeronautica civil, Base de datos Trafico por Equipo. Corte marzo 2020",2019,32
Conectividad directa internacional,Vuelos,Promedio mensual,,"Aeronautica civil, Base de datos Trafico por Equipo. Corte marzo 2020",2019,3727
Conectividad directa internacional,Sillas,Promedio mensual,,"Aeronautica civil, Base de datos Trafico por Equipo. Corte marzo 2020",2019,570575
Conectividad directa internacional,Pasajeros,Total,,"Aeronautica civil, Base de datos Trafico por Equipo. Corte marzo 2020",2019,5613039
indice de Presion Turistica,indice,indice,indice,Observatorio de Turismo,2019,
indice de Competitividad Turistica Regional de Colombia-ICTRC,indice,indice,indice,"Asociacion Hotelera y Tuistica de Colombia- COTELCO, ICTRC",2019,7.05
indice de Competitividad Turistica Regional de Colombia-ICTRC,Criterio,Estrategia de mercado,indice 0-10,"Asociacion Hotelera y Tuistica de Colombia- COTELCO, ICTRC",2019,9.83
indice de Competitividad Turistica Regional de Colombia-ICTRC,Criterio,Infraestructura,indice 0-10,"Asociacion Hotelera y Tuistica de Colombia- COTELCO, ICTRC",2019,9.19
indice de Competitividad Turistica Regional de Colombia-ICTRC,Criterio,Economico,indice 0-10,"Asociacion Hotelera y Tuistica de Colombia- COTELCO, ICTRC",2019,7.6
indice de Competitividad Turistica Regional de Colombia-ICTRC,Criterio,Cultural,indice 0-10,"Asociacion Hotelera y Tuistica de Colombia- COTELCO, ICTRC",2019,7.78
indice de Competitividad Turistica Regional de Colombia-ICTRC,Criterio,Social,indice 0-10,"Asociacion Hotelera y Tuistica de Colombia- COTELCO, ICTRC",2019,6.19
indice de Competitividad Turistica Regional de Colombia-ICTRC,Criterio,Empresarial,indice 0-10,"Asociacion Hotelera y Tuistica de Colombia- COTELCO, ICTRC",2019,6.17
indice de Competitividad Turistica Regional de Colombia-ICTRC,Criterio,Ambiental,indice 0-10,"Asociacion Hotelera y Tuistica de Colombia- COTELCO, ICTRC",2019,6.22
indice de Competitividad Turistica Regional de Colombia-ICTRC,Criterio,Gestion de destino,indice 0-10,"Asociacion Hotelera y Tuistica de Colombia- COTELCO, ICTRC",2019,5.05
PIB,Participacion % ,Porcentaje,Subsector: Alojamiento y servicio de comida/ PIB Bogota,"Departamento Administrativo Nacional de Estadistica- DANE, Cuentas Nacionales",2019,2.90%
PIB,Participacion % ,Porcentaje,Sector: Comercio al por mayor y al por menor; reparacion de vehiculos automotores y motocicletas; Transporte y almacenamiento; Alojamiento y servicios de comida/ PIB Bogota,"Departamento Administrativo Nacional de Estadistica- DANE, Cuentas Nacionales",2019,19.60%
Informacion Destacada del turismo internacional,Mundo Entero,Llegadas de Turistas Internacionales,Millones de Personas,International Tourism Highlights (2012-2019),2019,1500
Informacion Destacada del turismo internacional,Europa,Llegadas de Turistas Internacionales,Millones de Personas,International Tourism Highlights (2012-2019),2019,742.3
Informacion Destacada del turismo internacional,Americas,Llegadas de Turistas Internacionales,Millones de Personas,International Tourism Highlights (2012-2019),2019,220.1
Informacion Destacada del turismo internacional,Asia y el Pacifico,Llegadas de Turistas Internacionales,Millones de Personas,International Tourism Highlights (2012-2019),2019,363.6
Informacion Destacada del turismo internacional,Africa,Llegadas de Turistas Internacionales,Millones de Personas,International Tourism Highlights (2012-2019),2019,71.2
Informacion Destacada del turismo internacional,Medio Oriente,Llegadas de Turistas Internacionales,Millones de Personas,International Tourism Highlights (2012-2019),2019,63.9
Big Data,Estados Unidos,Reservas aereas,Total,Plataforma de Big Data para Destinos Inteligentes - Mabrian,2019,404462
Big Data,Mexico,Reservas aereas,Total,Plataforma de Big Data para Destinos Inteligentes - Mabrian,2019,251297
Big Data,Espana,Reservas aereas,Total,Plataforma de Big Data para Destinos Inteligentes - Mabrian,2019,152676
Big Data,Argentina,Reservas aereas,Total,Plataforma de Big Data para Destinos Inteligentes - Mabrian,2019,69232
Big Data,Brasil,Reservas aereas,Total,Plataforma de Big Data para Destinos Inteligentes - Mabrian,2019,79832
Big Data,Francia,Reservas aereas,Total,Plataforma de Big Data para Destinos Inteligentes - Mabrian,2019,36165
Big Data,Alemania,Reservas aereas,Total,Plataforma de Big Data para Destinos Inteligentes - Mabrian,2019,28212
Big Data,Reino Unido,Reservas aereas,Total,Plataforma de Big Data para Destinos Inteligentes - Mabrian,2019,23919
Big Data,Italia,Reservas aereas,Total,Plataforma de Big Data para Destinos Inteligentes - Mabrian,2019,21729
Big Data,Paises Bajos,Reservas aereas,Total,Plataforma de Big Data para Destinos Inteligentes - Mabrian,2019,15207
Big Data,Estados Unidos,Capacidad aerea,Total asientos,Plataforma de Big Data para Destinos Inteligentes - Mabrian,2019,1467523
Big Data,Mexico,Capacidad aerea,Total asientos,Plataforma de Big Data para Destinos Inteligentes - Mabrian,2019,728965
Big Data,Espana,Capacidad aerea,Total asientos,Plataforma de Big Data para Destinos Inteligentes - Mabrian,2019,634783
Big Data,Brasil,Capacidad aerea,Total asientos,Plataforma de Big Data para Destinos Inteligentes - Mabrian,2019,342734
Big Data,Argentina,Capacidad aerea,Total asientos,Plataforma de Big Data para Destinos Inteligentes - Mabrian,2019,185010
Big Data,Alemania,Capacidad aerea,Total asientos,Plataforma de Big Data para Destinos Inteligentes - Mabrian,2019,160670
Big Data,Francia,Capacidad aerea,Total asientos,Plataforma de Big Data para Destinos Inteligentes - Mabrian,2019,100953
Big Data,Reino Unido,Capacidad aerea,Total asientos,Plataforma de Big Data para Destinos Inteligentes - Mabrian,2019,91250
Big Data,Paises Bajos,Capacidad aerea,Total asientos,Plataforma de Big Data para Destinos Inteligentes - Mabrian,2019,76402
Certificacion de Turismo Sostenible,Bogota,Establecimientos gastronomicos y bares,Numero establecimientos,"Ministerio de Comercio, Industria y Turismo",2019,6
Certificacion de Turismo Sostenible,Bogota,Empresas de transporte terrestre,Numero establecimientos,"Ministerio de Comercio, Industria y Turismo",2019,10
Certificacion de Turismo Sostenible,Bogota,"Sedes para eventos, congresos, ferias y convenciones",Numero establecimientos,"Ministerio de Comercio, Industria y Turismo",2019,11
Certificacion de Turismo Sostenible,Bogota,Establecimientos de alojamiento,Numero establecimientos,"Ministerio de Comercio, Industria y Turismo",2019,63
Certificacion de Turismo Sostenible,Bogota,Agencias de viajes,Numero establecimientos,"Ministerio de Comercio, Industria y Turismo",2019,96
